t,x1,x2,y
0,-0.1064767254,0.6131241004,5.0000000000
1,-2.1789997179,0.9377686243,3.9357780704
2,-2.1059995080,1.2993649447,1.6177893315
3,-1.4741845558,0.9594983729,-1.2853177600
4,0.1569014895,-1.2612641502,-2.5092821251
5,-0.9046370950,-2.0302174136,-1.9328823189
6,0.0334373594,-3.1733481683,1.2070459809
7,0.8187052512,-1.0219608177,3.8822173751
8,-0.1262946325,-2.4455813757,6.3180341033
9,-0.2759959481,-1.3486537702,8.5999486757
10,1.5762530728,2.0397307575,11.4254825192
11,2.8238618978,0.0143593077,15.6197440950
12,2.8322253333,1.9011460416,21.0289695586
13,2.3145040928,3.8337517717,25.9884782390
14,2.7584624860,-2.1589143322,32.3912400194
15,1.7902464546,-3.7735734138,39.1971782598
16,1.1580794525,-0.6022726633,43.4244801066
17,-0.0497045228,-1.6960280769,45.4635713356
18,-0.0292297813,0.3565416646,46.5182717839
19,-0.1024774718,1.5243710010,47.9218883266
20,2.7018974371,-0.4483280439,53.4330542288
21,1.6984850402,1.4453535310,58.1192303300
22,2.4597575181,4.0399344245,60.7475492562
23,3.0423275371,3.5049376768,62.5707211590
24,1.9431505741,-0.3685606642,65.8823683301
25,2.5296025941,-0.4566654709,70.0740050962
26,-0.4060918336,-1.2718702372,73.3804620533
27,-0.1893370987,2.6139366618,74.0328781384
28,0.7247254304,0.6483662738,75.1548796289
29,-1.8905574714,-1.1294976828,74.4070196329
30,-2.4825614282,-0.3644554873,73.9693837888
31,-0.6817193824,0.8791549812,74.7082600299
32,-0.7342143367,-0.4010005934,75.3328988144
33,-1.6121487295,0.0537155956,73.5464550591
34,-1.5020997792,0.0264698159,71.6493351741
35,-1.5940581518,1.4937512867,69.5709336384
36,-0.3913933930,2.5533003605,66.1299907904
37,0.1799105044,1.5806905440,63.4883307439
38,-0.1542909863,-0.2884396395,64.3045648911
39,-0.7733463760,0.7125374199,64.7962148704
40,-0.5952181271,-1.4801444660,65.1450260509
41,0.9085032384,1.5774374630,66.0252961266
42,0.9849783794,1.3517069990,68.9529130593
43,1.3284304592,1.0555694526,71.6355658057
44,0.7792197243,-4.3983686753,75.6371724022
45,-0.7463624431,3.0090244391,75.4875131110
46,-1.2332972458,4.1459283223,72.4341600497
47,-0.2120715061,4.2353201782,69.8827329506
48,-0.0452339517,1.9882468100,68.4186995516
49,-0.9355036350,2.1829883853,63.8109289583
50,-2.2727229701,6.6357563145,55.8034542284
51,-1.4802241787,1.3423316245,50.1800009832
52,-1.3756879338,2.0888087436,45.8156395443
53,-1.3135117723,2.1041129246,41.9158078024
54,-1.2489081981,1.1945900703,38.2613615674
55,-0.5903306252,1.2607653538,35.7966272190
56,-0.1187837127,-1.3738756400,34.7615189797
57,0.8789799514,0.8335280008,32.8886121191
58,1.5437075464,-2.1929420562,33.6568116913
59,2.4126883630,2.8871563738,33.8259696516
60,2.4952449109,2.8591330756,36.2607162189
61,1.4110634043,-0.4498440050,39.7934025139
62,0.9334754367,-4.2526180565,46.4390229464
63,1.1476479006,-1.3741687406,51.2304330969
64,0.4930612604,0.5864204275,52.5487816289
65,0.8945816626,-1.6310003769,55.1008265821
66,1.7798166408,2.8305969630,55.3346540127
67,0.4446256386,1.8103462320,53.9162198737
68,-1.4591461038,-0.0652111474,49.8876032295
69,0.1722526826,-2.6765979718,49.0928002104
70,0.1383367882,-1.1653479690,47.9712125483
71,0.8055055748,-0.7149386623,47.8738544217
72,-0.7684514520,1.1661529168,44.9050801265
73,1.1950765441,2.7180337193,43.0192545340
74,1.5751734703,1.3032591066,44.1436587249
75,0.9765472555,1.5991312589,45.4942339412
76,0.3315950401,3.6457785560,43.9267648624
77,0.3460124085,2.8518583322,42.1821812994
78,0.0754773454,0.7826322332,42.1732680204
79,-0.2258559855,1.7096550167,42.3634937268
80,-1.2776991654,-0.2009047881,43.0929321671
81,0.3684200232,0.9822295185,45.8179978894
82,0.2183163317,0.6536027796,48.2218599303
83,0.2274570695,-1.7761419876,50.6007726242
84,0.2521359373,0.6556023893,51.2265464843
85,-2.1817221806,0.5886969899,49.2207859365
86,-1.0000640683,1.8568025926,46.1947926894
87,-1.0291997785,-1.7545085834,44.0118053036
88,-1.0096683095,1.6705482843,41.3620603885
89,-0.6369799441,3.1258433381,40.0043202724
90,-1.4183615662,0.7020203512,37.6686127032
91,-0.1494722863,0.2359083681,35.5045815997
92,-0.8004952242,0.3394261553,33.0313620317
93,-1.4640047117,0.2406221457,29.2135339617
94,-1.8869928992,1.9110139756,25.2767152544
95,-1.1621423343,-0.5217287788,22.6620968073
96,-0.0677201596,-2.3704890974,23.0084678418
97,-0.6424573473,-1.3002285098,21.9907615085
98,-1.9599068190,3.4058518173,18.0773723020
99,-0.3094440802,0.7071230516,15.4730072894
100,-1.2816944512,-1.5982081149,12.3029570516
101,0.2976442527,-2.3640169912,12.4709043936
102,0.1540550999,-0.5037492101,14.3056936894
103,-0.5905113241,2.2548877859,14.3201550506
104,-1.0533978760,-0.4705311199,14.2723859346
105,-0.2755123395,0.2564751093,13.1966040807
106,0.6965131573,0.6235555587,13.7262235523
107,0.2893889826,1.2713185788,13.8774278903
108,1.1495066702,0.8864366225,15.0562818879
109,2.8916328768,2.5429123661,17.9103040898
110,1.8158346685,2.4766749695,20.6780028549
111,0.1216376267,-0.1560090352,21.9400833547
112,-0.9692540098,4.8720891871,19.4578260120
113,-2.0688131619,-0.6948758460,16.9313436446
114,-2.0878346643,-2.8324704650,16.4215791459
115,-2.1852635019,1.0180126001,13.4413360376
116,-2.8547877803,0.8592355517,9.6112437699
117,-1.4681671915,-0.0741845846,7.1469557352
118,-3.6390560390,0.4493138895,2.6301804935
119,-3.8681381990,1.6286943122,-2.1283105286
120,-0.6924449331,-0.1196013636,-3.7223864022
121,0.5530909753,-1.2445011615,-3.6239664297
122,0.9099553660,-2.5229095513,-1.2618048639
123,1.0942278152,-2.6623166667,1.8258535098
124,2.5368966434,-2.5968839803,5.7939693861
125,2.3114572867,1.3189455918,8.6036494402
126,1.6955971879,1.1507907493,10.5506217447
127,-0.0432421293,1.6116302557,12.4272047187
128,-0.1039363078,-0.4194788915,15.0869053899
129,-0.8066394138,1.9902385474,12.8034084858
130,-1.2708228645,-2.2656236424,10.6481190857
131,-1.6038149385,0.1011498135,7.3290098141
132,-1.1673173217,1.4873527674,3.4352767652
133,-1.1468329449,-0.5075214135,0.7543247874
134,0.0683274495,-2.2009786217,0.6551584145
135,-1.2783522273,0.2129235320,-0.1093185478
136,-1.0643167558,-1.2835418384,-1.3696643901
137,1.1144757674,-2.2539675778,1.3152521225
138,0.8190303743,-0.8975497584,4.4483392149
139,1.7719364835,-2.5504529457,10.3343695589
140,2.3772190356,-1.2481197657,16.7766000426
141,2.9807011453,3.5989519456,21.7724592933
142,2.8246099712,0.6097291897,26.0806567921
143,0.5967809486,2.1034936860,28.8160782690
144,0.1503589582,-1.2210361732,31.8511664309
145,-0.2750843117,-0.2777514737,33.2185314202
146,-1.7414143225,-0.6100474896,33.0549018621
147,-1.6828716469,-0.5352917507,32.4282140256
148,-2.4280899880,1.3423951071,27.9579867004
149,-3.3652144376,4.8766257066,18.8483611617
150,-2.1447538498,1.7380401520,9.8852254410
151,-1.5449189673,3.3446319709,2.4765236976
152,-1.7692581867,2.0786839286,-3.6514476255
153,-2.1890670933,2.3444641137,-10.6630074189
154,-2.0736204074,0.0403917746,-17.2461387926
155,-1.8456246545,-1.3582956200,-22.0358419575
156,-1.7000475408,-0.9064571005,-27.9597801702
157,-1.2427410265,-1.8699062699,-32.2748862114
158,-1.3054593925,-0.7297151627,-33.8532219516
159,-0.5268495924,-2.3669605201,-34.7681059948
160,0.1540761802,-0.9004928425,-36.2704882558
161,0.4657230038,0.0290712899,-38.1425799088
162,-0.3370974119,3.6794317859,-41.1707356802
163,-0.8524743350,4.9557678672,-46.5805657480
164,-0.1618679310,3.0389424054,-49.5142938243
165,-0.3103503302,0.2481831869,-50.9789652685
166,-0.2603969397,1.3528662612,-53.1641145352
167,-2.6742731081,2.2128420192,-59.0547794504
168,-4.5720951556,0.5317763005,-66.2803172321
169,-2.8633184168,-1.4460321630,-70.6985320871
170,-1.6747642354,-4.1209659987,-71.9294825822
171,0.2210969066,-1.6863865511,-70.1001361533
172,0.8759309535,3.2087992661,-68.1107189691
173,0.8348904676,0.9101525787,-65.8239181297
174,0.6007857834,1.1754338738,-64.3194385743
175,-1.0061903798,1.2415271575,-65.4374904886
176,0.1788426238,1.5068677692,-66.5048639169
177,-0.4783961787,2.1918284659,-68.7757893948
178,0.1676071295,-3.0906107902,-66.8575778459
179,0.3173666361,-1.4937625878,-63.3808023223
180,0.4942536660,0.2001701745,-60.9079467180
181,1.2386527817,-0.0540328260,-58.7329064289
182,0.3771908352,2.4558041320,-58.0252752319
183,-0.1232015969,0.2862006849,-56.5733277095
184,-0.9421025912,2.0083789403,-56.8529277332
185,-1.0366238373,4.3874343720,-58.8873419958
186,0.9403040279,1.3041569269,-59.7715503882
187,0.2948941529,0.6371821505,-60.1101452133
188,1.3920422192,-0.2697486559,-58.0428593234
189,1.8004409872,1.4870169487,-55.4643131484
190,1.9895904826,-3.6211797789,-49.8467521528
191,2.1957284749,-4.3095031424,-41.3291973067
192,0.5227333775,-2.2439584900,-34.5495138940
193,0.7393610432,0.9173753353,-29.4645082600
194,2.1059648277,1.6225246387,-25.5909973151
195,0.7783794431,-0.9146715947,-21.8276543826
196,0.4977585246,2.9236538555,-20.8600711224
197,-0.3407281900,1.4711631682,-21.7290980309
198,0.0785017782,-0.5816492102,-21.2043294193
199,-1.0235788871,0.9121088817,-20.6298884815
200,0.8931745733,3.0597957686,-20.5318332295
201,0.2483874123,1.1747483487,-20.5992811093
202,-1.3687903834,-2.4820829733,-19.0752831956
203,0.8326376425,-2.0084657893,-16.6195977895
204,1.5533692445,-0.5273250713,-12.7714640211
205,1.6058699526,1.7614585730,-10.7253271055
206,1.6566965103,-1.2115718396,-9.5817926770
207,0.8018895494,0.1329606678,-8.3964690297
208,0.3380270848,-2.2257231954,-6.2794138593
209,0.9606381892,-0.6436795274,-4.3253057933
210,1.5900716901,-2.8311478575,-2.7650405100
211,2.0456625862,-1.9655035117,0.6534908770
212,1.6445147960,-3.7413169602,5.7600055582
213,0.6847722641,-3.3624042654,9.7353385551
214,0.2872532557,-4.4346594745,14.0741771487
215,1.3106769905,-5.6210280444,19.4177359164
216,2.3573920083,0.2994682312,23.3362132242
217,1.3088620157,2.5772647754,24.4921898425
218,0.4388994085,2.0910241027,25.3540750038
219,1.5547792559,0.2224437996,27.5287630477
220,1.8119945022,3.1336075134,30.2174153812
221,1.9656543416,0.7938579641,32.8883530076
222,0.0636243762,1.2775882632,32.4770928260
223,-0.3292203782,2.8937584230,32.0210853410
224,-0.7454497939,1.7155324381,29.6492608781
225,-0.3139101967,3.7598709321,27.0836396750
226,-1.9046791174,1.3307107853,22.7868043374
227,-0.0615225741,0.3426097005,20.6968106488
228,0.2570659935,0.5205564581,19.2008933958
229,0.6147832209,-1.9836495304,21.3425105479
230,-0.7537921222,-2.8227857476,25.9251030013
231,-0.5540748569,0.5499733623,29.5781178177
232,0.9467978883,-3.1131583901,34.8907184381
233,-0.9069370806,1.1449025876,36.3618919951
234,-0.3290878991,1.1360885633,37.1483133234
235,0.4684433850,2.9583237662,39.0834083336
236,-0.3640367336,2.8459301333,38.8683944597
237,0.5599155147,2.4744257590,36.9144589541
238,0.0618718298,4.6160301547,35.1692909198
239,1.2730768339,1.8331733568,35.0367257316
240,1.4186655591,0.6654608892,36.7613491371
241,1.2174317771,2.6654753219,38.1220234653
242,2.8611182254,-0.1147862351,42.0447024937
243,2.8346792162,2.3669172466,45.5942816833
244,3.2929111600,2.4690429751,49.2498598494
245,1.1155181397,0.1236458642,50.6935581056
246,0.1342556301,-2.3615513836,51.8485181757
247,0.9305479440,-4.8566120351,54.8976561983
248,1.5569954241,1.9495073681,58.0749791461
249,1.0341567669,-2.0709594836,62.0965255388
250,1.5036362711,-3.1110207887,67.4276924861
251,-0.0058083564,0.6204750409,68.6212658426
252,0.2097693762,1.3259929830,68.5070543812
253,-1.0004453016,1.0794297535,68.7695818153
254,-0.3597411773,0.7239696757,69.1450295356
255,-0.7379907313,-0.4418230740,70.0612747899
256,-1.1575910285,-1.9061200349,70.6878332515
257,-0.7540146898,-2.1328898456,70.9147379666
258,1.2896497808,0.4526646842,72.9361163464
259,-0.1090068879,2.4479879659,72.8284172507
260,-0.6780554376,3.4567365199,69.4437028881
261,0.5930253394,1.4114881671,67.1591026962
262,-0.0084489324,-3.8355077780,67.6095646376
263,1.7633500245,-0.4149526071,70.7853690349
264,1.4568747210,-0.3647187507,75.3338508232
265,1.1104442189,-5.4278805867,80.5792649814
266,1.1341950921,0.7041778481,84.3554920536
267,2.5351161610,0.8260859757,87.3599695356
268,2.4299428472,0.3237245654,90.9652434680
269,2.2176721259,0.6282780515,95.4783246976
270,1.8042282513,0.5982442634,99.1833986869
271,-0.2994590574,0.8240286500,100.0490783993
272,-1.0948933683,0.6714154778,99.9996483643
273,0.7169187632,0.4279772837,100.5857053355
274,1.3237214662,1.4323120383,100.3685925853
275,1.4326698882,1.3874128358,102.2998239614
276,1.6399316495,5.5160722005,103.7458692127
277,0.6043591025,2.6147443032,104.7774686798
278,0.7610156394,0.1514194585,106.6864457254
279,-0.3680836827,-1.0043770792,109.2696180101
280,0.1337037434,0.5099074137,111.2236283897
281,-0.6205424903,0.5942380651,112.4894324289
282,-0.6481995724,0.8818621329,112.9961503272
283,-0.0003248558,0.1029222570,112.8978416238
284,-0.3270151024,-0.1687212123,113.6965146900
285,0.4186713512,1.5995906972,114.4997243833
286,0.7491082220,3.5301923577,113.3508676185
287,0.8838338925,2.2619133418,111.9081444667
288,1.9430951076,0.8483904592,110.1379399837
289,-0.1137181012,-1.8297813732,107.7233550034
290,-1.6758849496,-2.9031555211,104.5466960183
291,-0.5568776728,-0.9202943349,103.1823384792
292,0.5509797240,-0.7188280360,104.4281964438
293,2.3973262345,-0.3465276140,109.0514169965
294,2.4343851632,-2.2330402138,115.9447174841
295,2.5342846125,-1.0182915486,124.6138303647
296,0.8909191773,-4.1938054339,132.6417153963
297,1.3762652016,-3.9571559030,139.5639139058
298,1.6372245792,-3.0672474543,145.3834795459
299,0.0901920163,0.0517029927,148.7012149586
300,-0.8331830977,-1.1118022900,149.9370436770
301,-0.6942593712,-2.2523986914,150.1558194420
302,-0.1977278086,-0.2805342393,149.5565308870
303,-3.0831950047,-0.2384583181,146.7068002578
304,-2.0879309931,1.8202825447,141.2805317107
305,-1.2306971991,1.4361992919,136.1665080726
306,-1.0383243991,1.0560749465,132.0203052384
307,-0.4600021813,0.0897926222,131.0939980001
308,0.1339047047,1.4033965561,130.8832479958
309,-0.9179047439,-0.8706137038,129.2849749281
310,-0.2263531523,-3.3794204287,129.8363083788
311,-0.4097544063,0.4859181905,129.9469769574
312,-1.2327068632,-0.7357261185,128.2105343563
313,-0.6537540104,-0.1828865977,123.4070916423
314,1.0300164325,1.1926422906,120.9139432912
315,-0.7391040806,2.5288572661,117.8226649945
316,-2.1704827722,-4.7948112908,115.9105379961
317,-3.1725040905,-4.0116615152,113.7138541281
318,-0.2434411105,0.8628351076,113.2041244787
319,-0.4219925261,-3.0659016946,116.3988152942
320,-0.3548815219,-0.2738326369,118.2471002031
321,-1.0349927844,-0.8349344843,120.2395762264
322,-1.6649427329,-2.1181744883,121.5079236047
323,-3.1923200731,-1.1095412154,120.0033705979
324,-2.0642177573,-3.8368380239,119.2709606910
325,-1.1853926092,-0.7229435738,118.1932487445
326,-2.8063088788,2.0638352719,114.0008447711
327,-3.0075653917,-2.0394044217,109.3949305670
328,-2.8494095303,-2.1631862471,105.2788789564
329,-2.0205891257,1.5372804350,99.5439988725
330,-1.1702832210,1.3513813753,94.9895376835
331,0.3065947137,-0.1153056195,92.4880355650
332,1.5790723187,2.8242474707,91.5038807017
333,2.1738051353,-2.2445429096,94.2104834378
334,2.8631921262,-1.4598143717,97.2934588030
335,0.8378177981,-0.4057180300,100.6155550872
336,0.0319806937,-0.8107092828,103.6998394575
337,1.1659962858,1.2656790499,105.9651062336
338,1.1048584788,-2.8620258802,109.3919469455
339,0.7921226538,-1.0609272264,114.3112155156
340,-1.4245023100,-2.0145871737,117.2397719266
341,-2.8563945441,1.5915695387,116.4702062579
342,-1.2685867584,2.7259125192,114.1923291387
343,-0.5464343359,-0.4177905529,111.5094873872
344,-0.6785616593,-2.3890802253,110.9838879062
345,-0.8879648935,-1.0605101979,109.2657382719
346,-2.3476780524,-2.1631673850,107.3128353104
347,-1.2721594976,-2.0227984140,106.7777342833
348,0.1439091507,0.0382910119,107.0761519520
349,1.7429073847,-0.9217886849,108.7093736719
350,1.2691731194,3.2590811469,110.3579180337
351,0.6842245015,1.4226733131,113.5284653706
352,-0.6170398947,-0.4955791225,114.7687125700
353,0.7913157389,-2.4585425992,116.7913991326
354,2.2607765465,-2.0457596089,122.5574140605
355,0.9693735764,1.3857883102,126.1461267818
356,0.9693202731,1.6380656247,129.0831435307
357,0.7691942968,3.5058301926,129.0958702354
358,-0.0353913156,4.0150346271,126.1876574349
359,-2.5222234828,2.7033779137,121.1048910601
360,-2.1315555434,-0.3353785615,117.2018459797
361,-0.8846447366,-0.4551495601,113.2991105222
362,-2.0625533448,-0.0634035976,107.8721068898
363,-2.2826686069,-3.3634721439,104.7583908689
364,-4.8814285127,-0.7020793118,100.5582927484
365,-2.1324722424,-2.3845068678,98.5825195343
366,-0.9924541979,-1.1455033762,97.8152257965
367,-0.6492394096,-1.5127998199,98.2269865588
368,-0.7249409748,0.5421876468,96.5633940485
369,-1.1447418587,5.4831234228,91.9461791271
370,-0.8801255558,-0.2205680151,89.8627434741
371,-0.9264028212,-0.1426003646,88.9645488835
372,-0.8968386953,4.0348852878,84.7874219656
373,-0.6615981997,-0.2623876067,80.7588334318
374,-0.3374677743,-0.5718317744,79.4099120239
375,1.3127509762,-0.4560645264,79.1846018779
376,-0.5305067221,0.4309065323,76.9148930687
377,-0.1093860806,-3.0867728959,78.4207181901
378,-0.7011310738,-0.6287357183,78.6844969546
379,-1.6302729385,0.9554361536,75.9372150228
380,-3.5093618621,5.4904231592,69.0051448691
381,-1.8496611606,2.0357196717,63.6183563464
382,-2.2851420514,-0.3472365615,58.9799105063
383,-2.3592854090,0.1255806372,52.8516647143
384,-1.1916210936,-5.1980281578,50.0885553045
385,-1.9276077766,-1.4011897458,47.6164035645
386,-1.3332803135,2.5700974387,43.0090508956
387,-1.0181766235,0.9618308915,37.8802253380
388,0.0791197536,0.3167221352,35.9807849518
389,1.0560247699,-0.3585675294,37.1443560968
390,-0.1376345069,0.1400445738,38.6612339279
391,0.8108335798,-2.4354544055,42.7126149044
392,0.4608378469,2.1381323444,43.6950393488
393,0.4353840568,-0.0566294852,44.8873844781
394,0.0822552267,-0.9226665654,47.5407678889
395,0.8231182931,2.9743789961,49.4505931826
396,-0.6460176030,1.2525181252,48.4744281966
397,-0.2021280552,-0.3204894798,46.0563321842
398,1.0242901499,3.2131685552,42.7943558051
399,0.4233331901,1.6839599326,40.9048899878
400,2.3141057051,2.5974783119,40.7555409879
401,0.8739681459,-0.0662491291,41.8063446537
402,0.8154738326,-3.5354581688,43.8203663764
403,0.0782231539,-1.0187567399,45.9976133647
404,-0.5739941028,2.5124475118,45.0814301799
405,-1.5275668656,0.1261547648,44.1123222954
406,-1.6193632750,0.8318305903,42.1741547304
407,-1.1957913656,1.8365653615,36.2209406826
408,-1.6501511321,1.3174424028,29.6576619515
409,-0.2827100530,0.7276480362,24.5807882358
410,1.3124295905,1.9016674324,20.9633834670
411,-0.6201954380,1.2488459587,17.4319754665
412,0.3907065542,-0.5106967755,17.2086309160
413,0.4515546697,1.9813136935,17.8195689632
414,0.5494089758,2.4732580184,19.2038338013
415,2.8350856106,1.8143921942,22.1910438670
416,3.1788845732,2.2448419369,23.7965715438
417,2.5495290477,-4.3300424758,28.0206688225
418,1.9577844858,-1.1203138704,31.6588399510
419,-0.7952680081,-0.2931761058,32.1804160976
420,0.2157033108,-4.0374381437,37.1988839948
421,-0.5976946285,2.6285901638,39.9337114114
422,-0.2426536157,1.8335806734,39.7095344962
423,-0.0722269012,-0.0710145991,40.5069789187
424,0.9097926826,-0.7061395125,42.3354582979
425,2.6673577593,0.3335377106,44.2188474062
426,2.8507526990,0.1824458621,48.5247719801
427,3.2684755597,-3.0810439417,55.4043398130
428,2.0533896890,-1.9532669421,62.0700052594
429,1.8931462961,0.2015657657,69.7809290375
430,2.0944513370,1.3999968499,75.0923285527
431,0.0264877507,2.3870510760,77.6233124038
432,2.0600843446,-1.0893658256,81.5605683881
433,0.7271907952,-1.6159189855,84.0603443583
434,-0.7685097489,0.1937228187,84.1001284000
435,1.0960873980,-1.0508826384,85.8147762257
436,2.8856997939,0.1078230738,89.6446085635
437,1.3168841176,-1.5273602722,92.3219321024
438,0.3085089271,0.6708671376,94.1321217697
439,3.3278691872,0.4996211312,97.4081368089
440,2.4421255423,1.4804323096,100.7718449351
441,-0.2745702548,0.7798219801,102.3922469393
442,-0.8044679265,-1.1479867757,102.7447187095
443,1.4389912361,-2.7881440055,106.1267308487
444,1.6664179294,-0.8987924557,109.5223585536
445,1.9185916313,-1.4571357706,112.7428539028
446,2.5675715697,-3.4393166862,116.8873214336
447,2.4730787884,-2.3429720323,120.2973635583
448,1.3979506710,0.7907119917,121.7792637663
449,-0.6157462504,2.9451028081,118.2232698940
450,0.0153484638,2.8545167190,113.8167549411
451,-1.1052909913,4.0235579770,107.8102133147
452,-0.8299422125,1.0166949694,104.7951465263
453,1.1780115279,0.2610267000,103.5679390716
454,1.3652583571,-1.6518651414,105.7741866075
455,1.0151723800,-2.0558730832,109.7849355317
456,0.7763007218,2.5774067595,111.9111490619
457,1.2742032544,2.0694272849,112.7492046028
458,1.8131760445,2.2994528518,112.7284600251
459,-0.0475905433,6.3289071535,108.9791750932
460,0.1521659434,6.5776774711,103.6829647072
461,1.8221632333,1.0668859221,102.5142932209
462,2.0298829072,2.5709212479,102.1795134080
463,0.6557921350,-0.3132214507,104.2043400849
464,-0.2205731950,2.0425079798,106.4092063634
465,-2.2163237286,-2.7833427852,105.2200654453
466,-2.3448054511,-2.8214956255,103.2173981683
467,-0.0343985470,-2.7914786880,103.4926596369
468,-0.0936028847,3.0971680033,101.0689198678
469,-0.9205329790,-2.1531571708,97.0310203536
470,-1.2204936076,1.5569347251,90.3394447300
471,-0.9650910393,2.9718188431,83.5915820913
472,-0.7821098995,1.6111950411,79.0787893952
473,-0.9014506429,2.5054864210,75.3074518579
474,-1.4001098905,6.3829853535,69.5358410738
475,-0.3435068369,3.2477044935,64.4704214849
476,1.2980797808,0.9272246540,63.4188956236
477,0.3406988427,3.2844609283,62.4284955885
478,-0.3027826777,3.0773600643,61.4569219132
479,0.9774051895,-0.9034452293,62.6051771408
480,-0.7795600154,0.2015866191,61.8194558522
481,-1.1370867087,0.8381503740,58.2717412198
482,-1.1740577935,-1.7895559506,57.2593040292
483,-0.6540588636,-2.4537042117,57.3915331865
484,-0.7327800141,-2.1373381157,56.7183993925
485,-1.3995493493,-3.1062391826,54.2319652786
486,-0.6691781977,-0.0226535059,52.1864334152
487,-1.6561351407,0.7741843456,48.0980139705
488,-2.9018082377,-4.0072050519,44.9227776646
489,-4.0595233197,-2.2868403603,41.0686410181
490,-2.0929677859,-0.4339857316,38.9046002494
491,-3.2019329962,-2.7429118981,36.0818520848
492,-1.7942958110,-1.5008159800,31.5634461736
493,-0.5852979445,0.1443844986,28.7633557289
494,0.3971907535,-3.2302400262,29.8552219950
495,0.1033508049,-1.7636171901,30.9810527562
496,-0.4758545584,-5.3543638984,33.6883535236
497,-0.2474268547,-0.4875725412,37.1698551202
498,-0.7669337080,-1.5526354344,39.9849396911
499,-1.8230558579,-3.4376502981,41.0686971470
500,-0.0206991653,-5.0020573246,43.9344184968
501,-0.9089268743,-5.2380745047,47.9621644940
502,1.1596401880,0.5974386506,51.5898530803
503,1.3265126832,-1.3793813781,56.0353391449
504,0.4740021234,-1.6292504152,60.2682551131
505,0.7694491332,-1.3773705924,63.0218061124
506,1.7687638679,-3.5403976097,68.1932425273
507,-0.1403345428,0.1919618592,72.1689358093
508,-1.0250071274,-4.9523661619,77.0366381839
509,-1.7667725403,-0.1210387262,78.4523721577
510,-1.0717093793,-1.5437941124,79.0370589575
511,-0.3459456942,-0.4929860892,79.5588559603
512,-0.2131936429,0.4355702739,79.6668691632
513,-0.8774453905,1.9037824601,76.4575354601
514,-1.1426630897,-1.7288758970,73.9269640265
515,0.3871791046,0.5718402345,73.9208998592
516,1.3879680476,0.1436661425,75.3169282580
517,1.1029329232,-0.2419802516,76.6634685272
518,-0.5385558961,-0.6548927839,77.7857471829
519,0.2511376643,2.0186417118,78.0368624255
520,0.4634555418,1.7760057774,77.1525416954
521,0.5771493743,3.3049652907,75.5827615775
522,2.1340361709,3.1933889001,76.9397182021
523,2.3143650510,-2.7409537083,83.7016854784
524,0.6455700815,-1.2998313810,89.5765355696
525,-0.5128614983,1.5340895931,91.5984841319
526,1.0213107998,-1.2179237519,95.5099473575
527,0.9206340775,-3.9058686346,101.4604175324
528,1.5315018613,-6.2301740087,110.0722920239
529,0.9656517068,1.5474509311,115.1675999012
530,-0.2735346570,-1.2657532780,117.1672777485
531,0.1327271525,-0.1679908452,116.7022752502
532,1.7118244982,-2.2665191572,118.6700599883
533,1.5974129929,-0.0543006446,120.2329475310
534,0.0526243390,3.3396784520,120.0315553467
535,-0.2090217111,-1.6320780543,121.9052271259
536,-0.5747279055,-0.7955510312,124.7643256955
537,-0.1549655133,-1.8912755005,127.9126877475
538,0.9895782787,-4.6004415652,134.9710239495
539,2.7469946966,-3.6762179660,145.2738184450
540,2.2373875073,-1.4257842063,154.6560404419
541,1.2296846587,1.9376553484,161.0057399471
542,1.0323774238,3.3747282987,163.6039333506
543,0.8335303661,1.3075718125,161.9303962118
544,0.2536749155,-2.8644239935,162.7774130567
545,0.2961765994,0.1979021255,164.4394936812
546,0.3026152005,0.0620528121,167.6224287614
547,-0.8686881000,-0.0143092830,169.8474404411
548,0.0357428375,-2.3514633266,172.4409605371
549,-0.2416825767,-1.2658378247,173.8976207874
550,-1.0569218748,3.5035586985,171.3765717740
551,-0.1538620921,4.4447029811,167.7472512796
552,-0.4992964290,4.3806851780,161.5145054646
553,1.4887477207,3.1185310866,156.2652509104
554,1.6130301226,0.4347033680,155.2102669986
555,1.2977578303,0.1776856351,154.1081921477
556,0.2426542189,0.3801911374,151.3989444845
557,-0.1485332474,0.9503829565,148.3044634074
558,0.8315550134,-0.3323372049,147.0427046437
559,-0.0203975432,-1.9003053252,147.3465806760
560,0.8293629905,1.5291596086,148.5111062136
561,-1.4374099509,-0.1486159483,148.6575965884
562,-0.7257343870,1.6652620966,148.0869095675
563,0.3872880849,0.3123753708,147.7238218423
564,0.6873956743,1.5158241020,147.3402701157
565,0.5539171616,1.6644313264,146.2275781993
566,1.4740820406,2.1860829770,145.6219930606
567,0.2525662249,2.2884540342,145.0484907548
568,-0.7311226846,-1.0159311411,145.4209734973
569,-0.3315717987,-3.1747416669,145.3265206730
570,1.0455234424,-1.3573877105,145.2191480829
571,1.2383677896,2.8457346889,146.5780265104
572,0.7474750786,-0.5565386318,147.0552579159
573,0.8983041587,-2.1130411156,148.6630225138
574,1.1459755833,3.8155768054,147.6527993940
575,-0.3682750143,-1.6271980165,147.0840186186
576,-2.9948938184,-1.8142230031,144.4515598794
577,-3.0470360079,-1.5556805082,141.0330760187
578,-3.5526071981,-2.0029675185,136.0007618765
579,-2.9918443473,-2.1151157334,132.3868324069
580,-3.2218064068,1.3616382617,129.5071936977
581,-3.0465303257,0.9696247348,123.1331805048
582,-1.6237935791,0.7636416203,116.2047190039
583,-0.9631453635,-3.0733590384,111.3720459178
584,-0.6208308551,0.3974108303,107.6721777359
585,1.3055219066,0.4992484455,108.1394629710
586,0.5353357698,0.5131137772,110.6365787069
587,0.0778532931,1.8935041194,113.0722935878
588,1.4056482258,1.4019091497,115.7946528509
589,-0.0413957278,0.5076157616,116.6514248572
590,-1.5715544012,1.0621242808,116.2420773191
591,0.2972414776,-1.0119338922,116.7014867686
592,0.6365464239,-2.2442022407,117.7739015074
593,1.1395296309,-3.6515862626,121.1357351520
594,1.5300738160,0.5170726399,123.0143354320
595,2.0715643509,-1.1170149252,125.9740424891
596,1.0766737952,-0.0789515357,127.7304507242
597,0.7784378666,2.2397537494,128.1763216139
598,-0.4656849830,4.5915074233,126.8412016521
599,-0.0830868348,1.1144964378,125.3875895029
600,0.2792934252,0.7954171497,124.8519039330
601,-0.1508819800,0.5240882379,125.4214779552
602,0.6709531086,-2.4411003550,127.2498077767
603,3.5342911882,-1.9400611876,132.1922675439
604,1.4344324154,4.9303557825,133.4793537926
605,1.9490584475,1.8564983408,136.8336735257
606,2.4252457340,4.3632275489,138.9418442687
607,2.8842421936,3.3152197632,141.1175006352
608,1.3374706302,4.9239133479,139.8192345763
609,2.2576327270,4.6876133016,137.5003881742
610,2.3618216197,2.3523074126,137.5772113164
611,1.6580308401,-1.5671045742,139.9483027570
612,0.9503606077,2.3069599835,141.7305490575
613,1.0454419023,2.3799992971,142.9207788664
614,1.8033343463,1.9542473361,146.9995743941
615,2.2865084631,2.5645446449,150.8321018204
616,4.0334164123,-0.5776309444,157.8644582637
617,2.6169228444,0.0465738483,163.8127473325
618,2.6018287344,0.0233048356,168.8585043101
619,1.5438353560,-3.0078487916,172.9722046080
620,2.0168919669,-3.6381955510,181.1092462881
621,1.6981397321,-1.7009415093,186.9196900637
622,0.7463308200,-5.1890169600,192.9019166970
623,-0.6483004018,-0.5686403309,195.6296065419
624,-1.0669382405,1.3485671005,196.2784846165
625,-0.3496694909,0.3903470420,196.0006490399
626,1.3821994410,0.7302448018,198.5784555254
627,1.8983447799,-3.4093564174,205.3617135679
628,0.2874720096,-1.0151501760,210.9456923224
629,-0.1323822682,1.1211395953,214.1840366282
630,0.0913972468,1.4747509248,216.7129608764
631,0.0753042365,2.4591436300,217.9225056723
632,0.2428891061,0.8468520673,220.3146248330
633,1.0613274894,4.3916614376,222.0229948584
634,1.0567971124,2.6314463452,223.0613763607
635,0.1385993528,2.6602712751,223.0592926373
636,-1.7476674878,3.2588870386,220.4320613998
637,-1.4890593837,-0.2650154266,219.2649531703
638,-2.6550848393,-2.4049989138,217.8209554145
639,-1.9630226863,0.6198475004,215.1952262098
640,-1.0106820360,-2.3119689201,212.9988902328
641,-2.0073531340,-2.1569020407,211.5312605497
642,-1.5209960779,1.1365788889,209.5077051553
643,-1.3918638516,-1.7814682182,207.6900311797
644,0.9317741345,-2.7225005473,210.6190890947
645,1.1010099866,-3.6281216379,215.9047008904
646,-1.1300775013,-3.5866578820,218.6816753688
647,-0.3705875381,2.3661672952,219.6797088571
648,0.1268868215,2.0500445636,219.7817222816
649,-0.1461120213,2.7645986202,215.3952576290
650,-0.5160422582,-2.8574705813,213.4479177117
651,0.1932379544,-6.0581583225,215.9274407370
652,0.7491167040,-4.7815137849,220.6697202536
653,0.9064117620,0.1999834600,224.0528962992
654,-0.4176385978,2.4531288003,223.6614349224
655,-0.6065738795,-3.0678995366,224.5050851592
656,-2.0500609260,-4.8108438496,224.1088678545
657,-3.0019324222,-0.6222505768,220.9573932499
658,-2.7361460427,0.2316430670,217.6798407520
659,-3.0478836808,0.9519575487,214.1931493949
660,-2.6291288634,1.6952811197,209.1428800231
661,0.5523820128,-1.4148675124,209.5663819268
662,0.7892100464,-0.3507353453,211.9007473205
663,-0.4284544050,-0.7545023494,213.0703886177
664,-2.5613778765,2.1617128649,210.5661425286
665,-2.7357988621,0.1930627585,206.2283880347
666,-3.4584221879,-3.8171767229,203.4955907993
667,-4.7324255094,1.0016373654,196.8245845126
668,-2.7076531796,4.0357602945,187.8925785561
669,-2.4979030797,3.5491646624,177.7844782761
670,-1.4320808855,0.7018473109,169.5987382989
671,1.9637815911,-1.6980047723,167.3743523852
672,1.5212229385,1.3203622651,168.8535673314
673,1.0574372374,-0.6011058716,172.0439873625
674,0.9643720373,0.7704412104,175.7755275329
675,0.2835630259,1.8483771075,177.8502452538
676,-0.7535080355,0.4114020575,179.2997347261
677,-0.8649494959,-3.9671941674,180.8110553201
678,0.4127700538,-0.6241346797,181.0562969954
679,-0.1044271649,-2.3491135883,183.9702274652
680,-1.5651479739,-4.1794507882,187.5097555304
681,-2.4641606838,-1.8279958227,186.9280986390
682,-2.8746560694,-0.5158707656,184.5545441885
683,-2.1194687064,-0.4573811707,181.8052833794
684,-1.1179199944,1.0421578471,178.6456246128
685,-0.4142051760,-3.5384778489,179.2569884171
686,0.7911259231,-0.2964221640,179.7319874531
687,0.2471350897,3.1300221015,179.6692872797
688,0.9124160191,1.0199393552,180.8565401714
689,0.8755391485,-0.6796576391,182.4616880412
690,1.2373225157,-0.6886516848,183.4977916232
691,-1.0496007068,2.1550717932,183.5469196784
692,0.4444080696,0.4169170261,184.2248713485
693,-1.2948599009,-1.5108395187,182.8853770075
694,-2.0876106545,-4.1161819541,181.8950210775
695,-0.7327876706,1.1670789919,180.7279937330
696,-0.9446047150,3.3170186068,178.5705475502
697,1.0677288677,1.2875916184,179.6042906340
698,0.8744630222,4.6852963201,179.8987375626
699,-0.4451517544,1.0176084549,179.4902041454
700,-0.1832129362,1.8326878515,180.6100984717
701,-0.5542425746,-1.9847292558,184.7306769771
702,1.1420834555,-2.8924273742,189.2510956042
703,2.4086388318,-1.2187823590,195.3032242307
704,2.4061748900,0.4382320565,200.5315207372
705,1.2618235893,1.3879679100,205.3517544165
706,0.9525917532,-1.3111348505,209.3004290241
707,1.7020735622,-1.6428343234,214.0024851246
708,0.3777964377,-0.9227682233,219.2938243851
709,-0.5422723706,-0.9818936401,223.3126691342
710,0.4590487824,-0.9593188230,227.8468452094
711,1.0473262642,1.2378359748,230.5544262810
712,0.4911152796,2.8261886194,229.7892685216
713,0.0655143706,-2.6637521186,229.3523158083
714,-1.9152649172,1.5812346182,227.0114728338
715,-0.1670366870,0.9662137307,224.8674104521
716,-0.2430288845,1.0224127070,224.4211385092
717,-1.6063909429,1.0670131709,222.5866973418
718,-2.2594948479,2.2986931734,219.8437897128
719,-2.4819474864,2.3119959711,215.9831107836
720,-0.0404012568,-2.2129117106,214.1736451716
721,0.6567765975,0.8563474497,213.2271155131
722,-0.8816986876,-1.9682012951,213.6252462655
723,1.2340952343,-0.0228731788,215.8521195424
724,2.1990458457,0.4110843935,219.1397713257
725,0.4780911943,-2.9833895416,224.1719684460
726,-2.3263282912,-1.1780843496,227.0067297938
727,-0.6669311876,-1.0025016768,229.9758665743
728,-1.0696299770,-1.7781358088,231.3046121163
729,-0.8850257749,3.3999841403,227.3532345189
730,-1.1444262216,1.6741411698,223.3695311149
731,0.4581897672,-0.0918586660,221.2209864436
732,1.7997095329,3.4951189613,219.2898322690
733,2.0699144643,1.3279439894,219.2044152633
734,1.2983032697,0.2485467963,220.6552995541
735,1.1706558731,-3.9798346354,223.0631571953
736,1.4406406849,-0.3799872819,225.3384108483
737,-0.5661879089,1.8731298144,226.6826243407
738,0.8470499761,4.6230566624,225.1002472774
739,0.2742352460,-0.2143575327,223.9889988105
740,0.4550352898,2.0277920404,224.3437560115
741,0.4585266094,3.6533770054,224.6926233504
742,1.2292849958,2.9238447961,225.6641346725
743,1.9319812660,1.1704131567,227.9441211750
744,3.5655866968,-2.8893898967,232.6900173815
745,2.1484321296,-0.7798515258,237.4551440641
746,0.6073504078,-1.4453854645,240.6440084878
747,0.5699575225,-4.1213695127,244.9819147239
748,-0.2428564153,-0.4322474577,246.8603166203
749,0.7051032830,-0.4254869973,247.5081110911
750,-0.2973498471,-0.6549724702,247.7251311492
751,-0.0577817937,3.7379872248,247.2134104084
752,0.9183772778,0.4020583360,247.6533621928
753,1.6771916144,-4.0670113533,251.6715537850
754,1.4004653929,-6.1481293814,259.2268240116
755,2.4144620571,-1.4068271278,267.2500369454
756,3.0010065334,-1.0191958718,273.9965822987
757,0.4257113460,-1.9608767916,278.2796441680
758,0.6833145620,-5.1110739563,284.1850507274
759,0.6859632958,-3.7498100914,290.2916986658
760,0.2103679265,-3.8065691471,297.7394888836
761,-0.4600151878,-1.7766585904,303.7398165209
762,-0.2469327393,-2.4878586978,307.5952761883
763,0.2458866303,-2.8062544532,311.9284873072
764,0.4807751297,-1.2538479072,316.9546725441
765,1.7364292133,-2.1442429346,323.6209883130
766,2.2436144494,-0.2440752327,330.3873645483
767,1.0172707700,-7.0758143659,337.5376016510
768,-0.0103903035,-5.3974851367,343.8188657947
769,0.8769564981,0.2485593241,348.7304877507
770,-0.0460821358,0.4579771578,351.1899853341
771,0.1715281841,-2.0786323345,353.4715896287
772,0.6337422422,-1.2709497291,356.4777165934
773,1.5114667915,-1.7420839746,360.0849862228
774,1.6128973171,-1.5092570290,363.3589136226
775,2.6126588340,2.2337449424,366.1282560132
776,1.4089496580,-0.0168376387,368.9838391393
777,1.6963054191,0.3508271644,372.9287775345
778,0.5694960595,-1.6550972660,376.7679319949
779,0.6255060176,-2.2384315892,379.5396650806
780,0.6022843430,-4.1040063087,383.9302108911
781,-0.4663110322,-3.0429619207,387.0131102360
782,-2.8896961874,-2.1246675311,387.8284670207
783,-1.0256948013,-1.5487612888,388.0044235201
784,-0.3137570690,-0.5800089128,388.6802024583
785,-0.0373892531,-0.1098920026,389.7835721965
786,-0.6853170712,1.2177861169,389.2729985876
787,-0.7711818569,-0.0157057532,387.1599622747
788,-0.0429100292,2.5852082728,384.0175892344
789,0.0315201223,2.1964054916,382.6910166022
790,1.2229082961,3.6118074987,382.1360231316
791,1.0142374858,1.2754367082,383.5285363993
792,-0.0703816854,2.9084993780,383.4459379041
793,0.6013560126,1.2938973638,383.5213710916
794,-0.1726312245,-2.8914940426,384.0788233885
795,0.1346573711,-1.2596855661,385.3751145951
796,-1.6779687288,-0.9186903683,384.5237701639
797,-1.4871349091,-3.3759990889,383.4692300341
798,-0.4479813315,-3.4071173061,385.1330431367
799,-0.9303691898,-2.6500011671,386.0930345879
800,-0.6456963696,3.4985737681,386.4347468910
801,0.1695093373,1.9711527730,386.7846457563
802,0.2167805225,4.4062159502,384.5955580018
803,1.9674702997,3.5999140103,384.6935632971
804,1.1475096315,3.5802923898,383.6690898495
805,0.6526334188,3.0265585150,382.1583755068
806,0.3246643272,-1.8455532613,382.8129779928
807,-1.7212137972,1.7509203119,381.9021826973
808,-2.7106387455,-1.3700383938,381.9016874053
809,-1.3368212625,0.2981918710,381.6899334588
810,-1.2375601735,-0.1249480051,379.5404766003
811,0.5498641221,3.1883655379,375.6681207785
812,0.3340169977,3.6611563491,371.2384443101
813,0.0908864328,5.1361032137,367.1390432648
814,1.1194109043,3.0146830723,364.9870371735
815,1.0870987952,1.1967777077,364.6888252277
816,2.3918706237,2.0106707817,365.6390952051
817,0.6444112043,5.6200443505,365.3627021184
818,0.9183755707,3.2787412805,363.9255947917
819,1.3502585567,1.3832378637,365.3752836037
820,1.5296691791,-1.9413945088,370.5793669093
821,2.2522359465,-2.2970279540,377.9248209792
822,2.6372688575,-1.1029656694,385.2972073781
823,1.9161613925,0.9065190961,390.5016398404
824,0.8196135445,1.6030930958,393.3771742717
825,1.5932085541,0.4306141052,395.8165803268
826,1.2082134431,0.4292867432,397.5993991677
827,1.8519418388,3.2505881753,397.8422088194
828,2.7007414126,5.0071854635,398.5619385924
829,2.1490168497,4.4069046211,399.2357193234
830,0.6651729747,4.8343335436,398.4446925874
831,0.2769202141,4.4340971559,395.6424765657
832,1.0516122953,5.4428924852,391.0121383603
833,0.5724152391,-0.3559516155,387.9790128235
834,1.6560483635,-1.1699709212,388.4646369350
835,1.2812663444,0.0067316825,388.9547730605
836,1.1152827542,0.7848201762,390.1834915377
837,0.2439526541,3.0084807068,389.0036598040
838,0.1626311274,-2.4932367406,389.1306447619
839,1.3001166987,-0.6970800725,390.9609744900
840,0.6592977851,0.2601723766,391.4828856798
841,0.2183591922,-1.2490307202,390.2598994985
842,-0.5380533104,-0.7731463040,390.0711843973
843,0.4895936540,1.7107420924,389.9339907609
844,-1.0953547450,1.6289211879,387.5039754357
845,-1.3399053808,0.4091815269,386.2724616459
846,0.0495442011,0.5903335390,388.2145380495
847,1.5319965564,0.0003222343,391.5837098556
848,0.9227546106,1.8979997574,393.7777214206
849,1.6799118473,0.5717911324,399.0875146536
850,-0.7390514688,2.2185808401,400.6772261117
851,0.3064953859,-0.2124061438,403.0579759505
852,0.5718251111,-0.1320908903,406.4827287815
853,-0.7590102692,-2.2810653231,408.7343319575
854,-2.2480674897,-1.3009349435,407.5647066449
855,-2.0171654078,1.1907698525,403.5426483156
856,-1.0918521196,-1.5362608273,401.1292742378
857,-0.3357429766,-1.2940268204,400.6859453737
858,-0.0646912354,-0.2788326738,403.3961661985
859,0.7847455196,-0.7968528475,406.0241624309
860,1.3085166211,1.3953407051,407.9326489327
861,-0.4091927675,-1.9057371471,408.9960262072
862,-0.6121086305,0.9964171729,409.2731789061
863,-0.8831579022,3.0878273247,407.9706427636
864,0.4643561910,4.6051969914,404.3586647634
865,-0.1117587158,1.7495553378,400.6457203193
866,0.9825651564,-0.8772015535,399.9924337618
867,0.8346760556,-3.4842918498,403.0366300514
868,2.9847405387,0.0175164352,408.3401362902
869,2.0950640942,1.6996695707,413.3225625981
870,1.5260621703,1.3063412449,417.2148269415
871,1.0114667179,1.2572586893,420.4213859816
872,0.9098478632,1.8978022863,422.5224231433
873,3.1197713266,0.0771005591,427.6269887496
874,1.7342561485,-2.8873091271,434.5430401178
875,0.3957544438,-3.9867356065,440.2014800724
876,0.1320438476,-3.1359928976,444.8286037080
877,0.8160558834,-3.0579257776,449.0401165191
878,-0.3656890731,-4.3797750849,453.0169499114
879,0.5900751300,-2.5776350522,457.7372181766
880,1.2257582329,-3.0752093973,463.4573715223
881,0.7411673226,0.1363959639,467.3147361924
882,0.3138721870,-0.0476012437,469.2891202503
883,-0.5219399893,1.6248580040,470.5508617105
884,-0.5942133582,-1.9739113225,472.4164454580
885,-1.1708130271,-2.9580954887,473.1010610275
886,0.4668774140,-4.3512491114,475.4551026437
887,1.9961277536,-1.1203762655,480.0801782718
888,1.1556702206,5.8713996685,483.2785528433
889,0.8093714721,2.8394000281,486.5222769346
890,-1.2912192992,0.3096287759,487.2995127596
891,-1.3931458209,0.5999268344,487.1095574406
892,-0.5980014727,0.2245673161,485.1894821761
893,-0.1083075726,2.0799829902,483.4424029415
894,0.0839447695,0.8716184341,482.3824372747
895,0.9397603073,-1.3773556510,483.7177203354
896,0.7843464631,-4.3323865340,486.3863969644
897,0.1962626132,-0.9621370429,488.6573766010
898,1.7716833256,1.6830446456,489.7170755091
899,-0.6422195148,1.0215472583,487.3312549059
900,-1.5726565840,-1.3304519398,486.3851295585
901,-1.8069076302,-1.3574765506,484.3965006391
902,-1.9637351253,-1.1456769428,482.7926632345
903,-2.1200838861,0.7608804770,479.5794785683
904,-1.6826927170,0.2297246025,476.0716492438
905,-1.8655130019,2.4992155860,471.3668098821
906,-1.3404355431,0.6436454593,468.5540493857
907,-0.3286631246,-0.9952150664,468.2229718486
908,-0.1832912864,3.3744136752,465.6519775460
909,0.0214796979,-0.6165431757,463.9316333277
910,-0.9027218678,-1.7835465362,464.3953535759
911,-1.7503551284,3.5329652457,463.3094922450
912,-1.5031869128,2.0286194237,460.5330921294
913,-0.1160759960,4.4569822507,457.5844262017
914,0.3057310458,-3.2001013354,458.2662890375
915,1.3092231612,1.2984971056,460.3399009303
916,1.9176021233,0.5678634058,462.4568886510
917,2.4724916617,0.4854213804,466.2486511361
918,0.9374633392,1.2364706090,468.4665731463
919,1.9007694378,-5.0135885896,472.6095440828
920,2.0959236699,-3.7661860339,478.9936164939
921,3.5444272711,-0.5568430639,486.9306674193
922,3.0788092030,6.3382316461,489.7786953214
923,2.4906268755,1.0663665167,490.3920004546
924,1.6260059495,5.2310897330,488.8172967299
925,1.3136916127,3.4258162733,487.9906017284
926,-0.7129597096,3.4916446403,484.9339930061
927,-0.7359097922,-0.4924165922,482.9006060157
928,-0.5412027060,1.0846822179,480.5173688640
929,0.6176839618,-1.2486095800,479.8416412395
930,-0.2081644636,-2.8921280262,481.0775079667
931,-0.0020050324,1.4676974888,482.5362639577
932,1.8261472629,-0.7820476794,486.4145363924
933,0.7642719673,-1.2929110565,489.8739117048
934,1.3848666704,0.9287299364,491.9058608326
935,0.4513393753,-1.2188374398,494.1445594171
936,0.2287622162,-2.9899748401,495.0872376149
937,0.6301211157,-0.6946101133,495.9976918621
938,1.3302971242,0.3152992725,497.6028575459
939,0.4544281763,3.2358930076,497.3539674134
940,-0.6839983767,-0.9321714400,496.9258783565
941,1.0400624864,1.1135254457,496.9110457609
942,0.9260338717,1.9287359245,495.3833897501
943,1.4484846303,-0.0714122842,496.1603100185
944,1.9325179064,-0.3275845465,498.5323849907
945,2.1170718573,-0.0488856462,501.8020650098
946,1.2357929905,-2.0625645742,505.3834991816
947,0.7431466985,-3.4568363668,508.2319482814
948,-1.0072680631,0.0775949485,509.0875762173
949,-0.5137530822,-2.0882724404,510.2664744708
950,-0.8116041307,-2.7725679664,511.3691782137
951,-0.5777281745,0.5179111561,511.6163576558
952,1.4593412468,-0.8611243862,515.4513684629
953,1.7152888338,-1.1373309668,520.3625546692
954,1.2661735933,-3.2589891396,526.4998100624
955,-0.4464231368,-3.7783002541,533.5343273408
956,0.4212148892,-4.2934653618,540.4091243604
957,1.8130037631,-4.4895778573,549.3184118328
958,0.4686351927,0.7213122361,554.8916392839
959,0.7606193006,-1.6635926682,560.6408550491
960,0.0343620396,-5.3516447144,567.1315150168
961,-0.1125745211,-4.3934084143,573.9476459716
962,-0.4267297477,-0.3638519280,577.2413664298
963,-1.8751837318,-2.5267888770,578.0401659329
964,-1.8056997586,-1.1500636319,576.8011250134
965,-2.8492446826,-2.4138176489,574.4026378575
966,-0.6162447881,-4.5693532894,575.9639083316
967,0.6075180278,-3.0020512102,579.8475509028
968,0.4803304768,-3.3414610135,585.0622834129
969,0.6230086180,-1.0609624105,589.2008781825
970,0.5048352377,0.9232201435,591.6500095906
971,0.5610018686,0.1505172877,594.0453892454
972,0.5976066386,5.2996474187,593.9243195570
973,0.1947339205,-0.1012523894,593.8212369208
974,-0.0155623478,2.5772882450,592.0477164398
975,-1.3213261852,1.7923115796,587.9625164380
976,-1.8979631431,3.4510858716,582.8332334908
977,-1.9124438469,2.3640564477,578.5977197290
978,-1.1222830865,-3.6807939354,579.5327709200
979,-1.1389445471,-2.1709530029,577.8661814187
980,1.0886229406,1.1175222525,577.2981496972
981,0.5882917204,0.3918411634,578.3501812076
982,0.0739499408,-2.6036875651,583.3062290967
983,0.4897026259,-2.2500173591,588.2305741781
984,1.3673378596,-0.3434878743,591.5693924809
985,2.7905232756,2.2297899489,594.9091705978
986,2.9242467792,-0.4321498965,598.3865212094
987,1.4835838694,-0.0881390969,599.9246569963
988,0.8864917666,-2.0354686583,602.8223127628
989,1.6673143605,-3.3612139592,606.2799199582
990,1.4361205621,-2.5207457669,609.1798397966
991,1.8067407081,1.5836145339,612.5484079780
992,1.2088679674,1.9561990565,615.6538661334
993,2.4344372265,0.0886450745,618.5558396670
994,3.1417748017,-0.1569807069,624.1337982341
995,3.3223944387,0.8768268048,630.4486961172
996,2.5000067795,-0.0455863046,636.0016877186
997,0.1929752496,-1.0466784478,639.9012590911
998,-1.1639940991,-1.1803001934,641.6667172426
999,-0.4723995370,0.6615344381,643.1340918476
1000,0.3331405951,-0.6925719959,645.6909598892
1001,-2.5930163506,1.1365102276,643.6281952948
1002,-2.2542194293,-3.4684397043,641.4730100712
1003,-0.4257535718,-3.0956585625,642.1524481132
1004,0.6619603938,-2.2776248614,644.0301258633
1005,0.0035288135,0.0960042064,643.9414774326
1006,0.6525377905,-2.0053625968,642.8657017988
1007,0.5139310957,-2.0722136708,643.8869029156
1008,0.1741685348,-0.3812309604,645.2010436043
1009,1.2454000019,-0.5554949116,647.2180609235
1010,2.0148104801,-1.7744839399,650.1747197497
1011,0.9268797698,-1.5789500765,652.6620742833
1012,-0.2450279013,-2.6941698298,655.0265618327
1013,-1.4192725524,0.3433819663,653.8312700649
1014,-2.3523244029,0.8169570540,650.4511227537
1015,-0.3117262957,1.8595730907,649.2287545214
1016,1.6466178613,5.0916545456,647.6704808006
1017,1.3931223564,4.3860905686,645.8075871381
1018,2.0381081737,2.5980037088,647.0062195008
1019,0.7937342881,0.7079352659,648.7806635424
1020,0.5238684864,4.7200686411,649.5753046039
1021,1.2980222897,2.2773647469,651.7145999623
1022,1.2535951653,0.3949901942,655.2104366151
1023,0.8800534852,2.6965006799,656.8385156475
1024,-0.9702180672,1.9021738290,655.4983038083
1025,-2.0599389904,0.2332377324,654.0648620837
1026,-1.8083294065,0.9817323732,651.8730937011
1027,-1.7680510107,4.3530959561,646.9479246527
1028,-1.2716018919,2.0750241307,639.9346341423
1029,-1.4743580943,1.6670717287,633.1204008370
1030,-1.2061044134,-0.9984761530,631.3493423676
1031,-0.7466117678,-1.2368326625,631.9595676760
1032,0.0183935541,1.4195577767,633.7380633124
1033,0.1151607672,0.5251718181,635.5548007997
1034,-0.4164210742,0.6049553900,634.7064059659
1035,-0.5251212246,2.6098271566,632.2693999075
1036,0.5516973834,0.5579825191,633.1286906157
1037,0.2221083950,3.5185919922,633.0034742607
1038,-0.7506055481,0.2957339859,632.0464894119
1039,-1.4714679809,-1.2132890761,630.6917594182
1040,-0.7188690461,-1.9130058428,629.1849295800
1041,0.0764839900,-3.5848748229,629.6160939914
1042,1.2798861302,-0.1443017604,631.2539923689
1043,0.6162677957,0.1632712647,633.7995165149
1044,1.8049245584,2.9895713991,636.5999574922
1045,0.9574677662,-0.1011104515,638.3825337158
1046,0.4755705752,1.6339247312,636.8195923843
1047,-0.1888717224,3.4931607598,633.1779827005
1048,0.4089421958,1.1037207189,630.2660417345
1049,1.3364091914,0.2486305783,630.4732435196
1050,0.9404818419,-4.7587321925,633.2444833592
1051,0.1997769179,2.1135172845,634.2997710015
1052,-1.3330854178,0.7172934765,633.2582416088
1053,-0.7610304593,1.7912416308,632.2484856670
1054,-0.8390820040,-0.2057761850,631.6516546905
1055,-0.7563862477,0.7273824255,628.4767107306
1056,-1.1169796937,-1.8997085883,623.7710732341
1057,-1.6074626894,0.8541504343,618.9349284587
1058,-1.5178582117,0.6560776080,613.8017881770
1059,-0.6029504366,-0.3696899429,611.3688005361
1060,0.5325834597,0.8289923398,610.5237043363
1061,0.3840929645,-3.1565088872,613.8824477725
1062,0.6049217710,-0.8337600148,617.4102643581
1063,0.2534045818,-1.1133201032,619.4844377852
1064,0.0775536830,2.5499311710,617.2507540163
1065,-1.2528123418,2.6537377424,613.4652073599
1066,0.0010131409,0.7733310908,611.0585610340
1067,0.5999698741,-0.1979305912,610.0820854442
1068,1.8544101308,5.9765098376,610.9151428115
1069,0.7235300847,0.4655006513,613.6344667070
1070,0.6511236576,4.0669087350,613.1214055791
1071,-0.4201586147,3.5454307559,611.1297341844
1072,-0.0401524860,3.0515858514,607.2577618332
1073,-0.1270835108,-2.5408339126,605.1930672417
1074,0.5877899815,0.7057898531,604.9645028405
1075,0.2910504519,-0.6703978425,604.5195455169
1076,0.8487188462,-2.0364468636,605.6938031561
1077,0.1394547931,0.4292493232,606.4131138056
1078,0.6957720369,-1.2099528632,608.3359804074
1079,0.2154034449,0.7051419725,608.4153233006
1080,-0.2511532892,-1.5683621264,607.3530378994
1081,-0.0686961648,0.5898210786,605.9996867975
1082,0.3309049384,1.1476008418,605.7099525737
1083,-1.1127498204,-1.2126554514,604.4759863110
1084,-2.2261021816,-2.3824156477,603.5427299239
1085,-1.3525846718,-2.2997848921,604.4492597922
1086,-0.9789114668,-1.9802164554,605.8678680875
1087,-2.6322360452,-1.9970958486,606.5173701977
1088,-3.4699017479,2.9069678619,603.7436949536
1089,-3.1497413234,1.9916983095,600.0495810831
1090,-1.8714167189,0.0923584393,597.0905086804
1091,-1.0885756594,-0.6356630700,595.3031668265
1092,0.2378274830,-1.8920937128,596.0480696502
1093,1.3257634303,-0.2282870366,599.2108373872
1094,3.2480669625,-0.2492304362,604.0278134970
1095,0.9012869686,-1.4914524715,609.6671968008
1096,0.6171157526,-2.0193826174,614.0431444979
1097,1.4891996239,-1.6559174886,620.3818360775
1098,-0.1490271377,-2.8169500626,626.6082877613
1099,-1.4449599346,-0.9304338978,632.2735292289
1100,-0.7946553177,-2.2323983335,637.1451632042
1101,0.5314296174,0.1525125803,641.1470191657
1102,1.6126559712,-0.6343413384,643.9320637873
1103,-0.5689585376,0.7810203340,643.8822387292
1104,-1.5500855838,-0.8808112012,643.1459551773
1105,-1.1524181495,-4.1243821273,644.3979097365
1106,-1.2934711805,-4.3111336212,647.0361418871
1107,-0.5659730744,-2.3249819483,649.6712640285
1108,-0.2394257954,-0.1748450123,651.1371578329
1109,1.5683129673,0.7344988732,654.0669063884
1110,1.0643766219,1.3248941817,654.9364764532
1111,0.9500363771,1.9042334140,654.4837993446
1112,0.7669883729,1.5014124903,654.8587929293
1113,1.6385358330,1.4895198343,656.1085548467
1114,0.0973982328,0.1572150037,658.1293526048
1115,0.4719861810,1.1917229156,658.9601213811
1116,-0.3892789858,0.2721867225,658.4618837656
1117,-1.6178307121,-0.0221420634,657.3892886340
1118,0.0438053543,0.3855891364,658.7989059186
1119,0.5733471612,4.7690084770,657.1777915549
1120,1.7918112638,-1.0107540193,656.3779782674
1121,1.5370333919,-1.3374877810,656.3236480068
1122,1.7430336910,-1.0385750638,656.8511855521
1123,1.3894967447,0.4634801711,658.1281507964
1124,1.5643960971,0.2461993758,661.2896415752
1125,0.7341678935,3.4071073745,662.4384886572
1126,2.2155200498,-1.7159798276,666.2988478628
1127,0.7306670361,2.9856753864,668.4448608066
1128,2.2172273480,-1.2681916663,673.0004491335
1129,1.4034731815,-1.8937422285,678.2906209022
1130,1.8746081533,0.4083372124,683.1696068760
1131,1.4930304435,0.3831150303,688.3760972358
1132,1.5274068447,0.1588509960,691.9492759968
1133,2.5682152985,0.2657125432,695.3494777281
1134,1.9864891283,0.9395531816,698.7788797924
1135,0.5206468647,2.3574236975,702.9055538557
1136,0.6492537609,1.8187674208,705.0839292943
1137,1.1394048410,-1.7286901596,708.8021518773
1138,-1.5460909817,-2.1060344740,710.1938331013
1139,-0.0767436990,1.9576542498,709.6396243520
1140,1.0648861990,4.6902269512,707.2602537749
1141,-0.9303481225,3.8043179316,704.9711927094
1142,-0.7491049546,3.7199024915,702.3699092150
1143,0.3318990792,2.1613627636,699.9443250668
1144,-0.8469417950,5.0654529748,696.2776226086
1145,-0.9516568380,0.9348979134,692.7320053109
1146,-0.9456618885,-0.2437114241,690.2339069509
1147,-0.0615039740,-1.5969177953,688.5130856173
1148,1.1005607443,2.5471417870,686.6640066602
1149,0.7933422994,0.0264926389,686.7419765930
1150,0.6707079273,1.0817715299,687.4674041126
1151,1.4314392359,-2.2750500523,689.7201101324
1152,1.5873686202,-3.7856625417,693.3708116743
1153,1.0572089219,0.5223480127,694.2069049993
1154,2.0985899937,1.6849066130,693.1304967597
1155,0.1337203535,2.4314689046,690.6169086445
1156,0.2956696146,1.4459133485,689.9706309410
1157,-0.1534359263,0.0607929799,690.4643246668
1158,-0.5499033572,-0.7236521070,691.4996577395
1159,-0.1385778077,-2.4341999461,693.5258826386
1160,-0.0074598005,-1.6664094013,695.5964281421
1161,2.4616809284,2.0923084591,698.0053762126
1162,2.4075390718,0.5937215016,703.0149150909
1163,2.0822376157,-2.3088675706,709.2068111530
1164,3.1322067827,-1.3313497126,717.3420359227
1165,3.2419180700,-2.4249563319,725.1120174281
1166,0.4880778318,-3.1877712700,730.0056599321
1167,0.5121042483,-1.4278502135,733.5794619135
1168,1.1403362211,-2.0304270405,736.2222904861
1169,0.2523935797,-3.2622849400,740.7131868159
1170,0.5165569385,1.7931072126,743.6875642397
1171,-0.0400032522,4.2108863037,743.8499986807
1172,0.3881443808,2.0262206115,743.1314156429
1173,-1.2858688029,3.8186341924,740.1727636785
1174,-2.7743590221,0.6700510862,735.4182440076
1175,-2.4393828963,0.2534602342,731.7791783881
1176,-1.4426465003,2.7615489114,729.0640981245
1177,0.3432871502,1.7494584594,726.9889520617
1178,0.0079193264,2.3800257844,723.7767142844
1179,-0.6925626893,-4.4978084909,722.0435251083
1180,0.4572288237,-1.1819751953,720.3274977724
1181,0.3928626566,-1.2828264585,721.3589554954
1182,2.0904221176,-0.6955031912,725.6212887032
1183,1.4125563695,-3.2783677073,732.9746797887
1184,-0.8957281900,-2.8275389842,738.9588962195
1185,-1.3782027081,0.0892838483,742.3042878184
1186,-1.8698523644,1.2277801694,743.1105174071
1187,-2.6488095759,2.0562973486,740.1762387965
1188,-2.5866553931,2.5423596208,735.2863284558
1189,-2.4593799599,3.2278785566,730.0809010661
1190,-1.9720786185,2.0790551462,725.1810587424
1191,-1.8921187620,0.3741641997,719.9910536873
1192,-0.8929475668,-0.9825142882,715.8105377770
1193,-0.1891647372,-1.2167699352,716.8760615390
1194,0.0697645021,-2.4080986270,719.2089742671
1195,0.2710453664,-2.9392490620,721.5500225015
1196,-1.6445103061,-1.3436392663,722.1724870791
1197,-2.7726666389,-5.0845740538,722.8142838492
1198,-2.7846171437,-4.4803407533,724.2083392354
1199,-1.6724975476,-3.3901685139,725.4331403579
