t,y
0,12.9196944433
1,15.6311898151
2,17.7342573333
3,18.9795850846
4,18.2360210099
5,18.2671488115
6,16.9572867244
7,16.4971077742
8,16.6024829993
9,17.9881934844
10,19.2898839503
11,19.4273669936
12,19.8208070390
13,19.8040080106
14,19.6449009281
15,19.7370204181
16,19.8703036364
17,19.9211063789
18,19.2625023536
19,18.6284726579
20,16.2529740981
21,14.2288406849
22,11.9691050224
23,11.5741105195
24,13.1431196722
25,12.7144774075
26,12.2169011049
27,12.0354664382
28,11.0419808315
29,10.8635279211
30,10.6542625730
31,8.8225974051
32,7.1266419236
33,6.0808125207
34,5.7152699618
35,4.4966407331
36,4.2117742233
37,5.1610156836
38,5.0053704094
39,4.1093794929
40,3.4937909584
41,2.7344113166
42,4.0527605432
43,5.7752685783
44,6.0607029979
45,5.3406801111
46,4.8147634425
47,6.9777511721
48,8.9860131305
49,10.4649674282
50,12.1046283108
51,13.4025125176
52,16.6498661333
53,18.9509516175
54,21.1163485490
55,22.9992856145
56,24.9983756176
57,25.4075455731
58,27.2681673540
59,28.9934467238
60,30.2263193557
61,30.2413156515
62,29.4401252823
63,29.5047419135
64,30.8992836083
65,32.9852132817
66,35.8717177427
67,38.8808004064
68,41.1290585116
69,43.5230779142
70,46.0040505930
71,47.7701399058
72,49.7256936321
73,52.6025450780
74,55.1489364878
75,56.5909376334
76,58.2679881646
77,61.5905536330
78,64.1437473922
79,65.7201854126
80,66.7019578063
81,68.6731193910
82,68.5855233073
83,68.5476515508
84,70.0269460239
85,70.6588187116
86,72.4829047811
87,74.7593586537
88,75.9367877626
89,76.8826742721
90,76.1769560023
91,74.9276063679
92,76.0352290940
93,76.5540698266
94,78.6418047837
95,80.5662436893
96,82.8910978401
97,84.8283062185
98,83.9623188087
99,82.3976305887
100,81.6768758601
101,80.3504293929
102,78.0618658666
103,76.8506903846
104,75.7844258517
105,73.4540154110
106,71.0629058068
107,70.4837430655
108,70.1207206226
109,70.8955559073
110,73.3681616123
111,75.5424222645
112,75.9270499325
113,74.7173564347
114,73.7748169531
115,74.2824727849
116,75.3203983153
117,76.7711154223
118,77.5623810627
119,78.4045606717
120,78.7286864991
121,78.6561594621
122,77.4227137956
123,74.9227594565
124,72.6691662620
125,70.2648239972
126,67.7311931160
127,66.7944383343
128,66.5266187826
129,69.4479286632
130,73.2012944334
131,75.2980289030
132,77.3441206423
133,79.3619817764
134,80.1940585438
135,81.7901952474
136,82.5033271518
137,79.8402264598
138,78.3189164280
139,77.2270907180
140,78.0728550488
141,78.5764526883
142,77.7023553632
143,78.5719523600
144,78.6827507327
145,78.8299739504
146,80.6290531842
147,82.4579162266
148,83.7089983398
149,84.7378955703
150,86.4250145921
151,87.0821899411
152,88.0450925019
153,89.5831017551
154,93.2117419575
155,95.9522141566
156,96.7807099579
157,97.9390455040
158,98.6575956888
159,99.4586947912
160,100.3586656251
161,102.3068150435
162,103.3693853977
163,103.9175968359
164,101.8667271909
165,99.1804577129
166,99.0380006687
167,98.9319221710
168,98.1623464802
169,96.4722508383
170,95.8726555882
171,96.0648388885
172,95.2466790580
173,95.2671734759
174,95.9398111187
175,97.3754588478
176,98.0215779907
177,100.1548143816
178,102.5660264494
179,104.2188244549
180,104.8566021215
181,105.0387910653
182,106.1334482143
183,106.9789134100
184,108.6836463935
185,110.8106055182
186,113.8074790186
187,117.0236558994
188,119.3346540301
189,118.9930311864
190,118.7138260781
191,119.6249502201
192,120.7712397966
193,122.2643129436
194,123.0554662490
195,123.2081946210
196,122.4432993256
197,123.2635458381
198,124.5226581300
199,125.0331576997
200,124.0598591089
201,123.1230169260
202,124.1575506254
203,125.8729818490
204,126.5162955041
205,128.3144221855
206,131.4506568319
207,134.9417268358
208,138.3194185577
209,141.9383304315
210,145.1996321361
211,148.2943916903
212,149.8037223323
213,152.1748709274
214,154.4786076177
215,158.1544154966
216,159.1249157927
217,159.9999504464
218,161.9180554395
219,163.2204242865
220,164.5514101189
221,166.4340613090
222,168.5655314548
223,169.6779687399
224,170.2415955041
225,171.7562296805
226,174.4480421106
227,176.7453024375
228,178.4303841658
229,179.8650393002
230,182.0236464968
231,182.7760719098
232,181.7822497832
233,181.1115517233
234,179.8398986092
235,178.3578386357
236,177.5787655475
237,177.8197153464
238,177.2369448695
239,177.5672604794
240,176.4322168572
241,175.9644923465
242,174.4697507037
243,172.0246628005
244,171.0173549704
245,170.3992746278
246,169.3109594574
247,168.1745261065
248,168.0242656624
249,168.2195723780
250,168.4911595931
251,169.9000734898
252,170.5454641557
253,170.4458476990
254,169.9220677425
255,170.8199929357
256,172.9008303579
257,175.9338310630
258,178.3060038454
259,179.7623797808
260,181.6419375726
261,182.8310924666
262,184.4569282574
263,186.6059223910
264,187.6142886835
265,188.1266183857
266,188.4898068137
267,190.6052849529
268,195.1823972895
269,198.8050844441
270,201.1627832411
271,200.5000374681
272,199.8294469676
273,199.6835193848
274,198.7210091516
275,198.8072441070
276,197.7289095388
277,196.5973297027
278,196.1927826778
279,194.9427115487
280,194.8747096306
281,196.3464924516
282,196.3598098158
283,194.7440353798
284,194.1544786223
285,194.1509254096
286,193.1282412412
287,192.0559830654
288,191.4165434594
289,191.0575857578
290,191.8267881056
291,193.1207543587
292,195.9818573919
293,199.8037188456
294,203.3876176378
295,207.0185784194
296,211.0440983715
297,214.7625510808
298,216.1796788784
299,217.7216500348
300,219.1769304640
301,221.8905915012
302,224.2979056112
303,226.4963287839
304,228.5028203289
305,231.6868327324
306,234.4787901441
307,236.1375793852
308,237.5610827592
309,238.2684040560
310,238.9229835907
311,239.5568710521
312,240.4065844852
313,243.1211833515
314,245.1212373118
315,246.4365357243
316,247.2373149865
317,248.5305465597
318,248.5266943324
319,247.6771811212
320,247.1201647469
321,247.5202558920
322,248.0778737237
323,248.0982737881
324,247.2936005416
325,247.2625010069
326,249.0395656692
327,251.0613395366
328,252.7594015298
329,254.4785522396
330,254.9005516507
331,254.7592805365
332,254.5130889810
333,254.7802365739
334,255.1970715749
335,254.4211648164
336,254.9159298007
337,257.4427659523
338,259.4033930627
339,261.0996510840
340,262.7042197455
341,264.7317730333
342,264.9039209930
343,266.3762845631
344,267.4757532912
345,269.4593049709
346,271.3093749660
347,272.2540626723
348,272.7635559069
349,274.1242889839
350,274.5466045846
351,274.3658331923
352,273.8626367588
353,271.9006164361
354,271.7091950461
355,272.7633586413
356,273.7482084266
357,275.6963864976
358,276.4579623005
359,276.7545290126
360,278.8358369321
361,281.7819089484
362,281.8180016752
363,278.0399408866
364,273.9355761607
365,272.4228694752
366,271.5611846678
367,270.8846959820
368,271.2217509932
369,270.9212631286
370,270.8882876141
371,271.9244638999
372,273.4508123593
373,275.1026708650
374,275.8105234927
375,276.7689083799
376,277.2705953829
377,278.9482655134
378,283.1164444156
379,285.8484736962
380,285.2912174271
381,284.0790731475
382,283.8009997181
383,284.9973405197
384,287.3091999122
385,288.4360688354
386,288.2837694385
387,289.4217201167
388,289.5922930968
389,290.6571519254
390,291.5962487007
391,293.0580439762
392,295.0712069318
393,297.4676066003
394,300.1588688430
395,301.2303632175
396,302.0739636569
397,302.8833626643
398,303.8816048209
399,306.0063209176
400,307.5800168528
401,307.9309315190
402,307.3997737157
403,306.7518260131
404,307.2224224290
405,307.1157478180
406,308.1665562587
407,309.6352701573
408,310.5775230154
409,309.9433904763
410,309.6083488440
411,310.3722731420
412,309.4723027308
413,309.7945503193
414,312.1932337587
415,314.6652702237
416,316.9418236901
417,321.0689850361
418,325.7012810225
419,328.1524686194
420,329.5372088316
421,330.4061283356
422,330.9295239215
423,329.0340304165
424,328.1444588088
425,327.4010811792
426,327.1276852308
427,327.0766037574
428,328.0762084472
429,328.8414911840
430,328.6164901581
431,328.9752836045
432,330.9551721011
433,332.4447602212
434,334.8125179160
435,337.1063400913
436,338.2285588561
437,340.4672290698
438,341.6493522026
439,343.3270863807
440,344.3397553805
441,345.4481196360
442,345.2140554778
443,344.0657798699
444,344.3905890196
445,345.2931070515
446,346.1293459427
447,346.4027689403
448,347.0813609400
449,346.4251910643
450,344.6923731113
451,343.3589114009
452,341.8772162338
453,340.2373210560
454,339.1717025607
455,338.5733591542
456,338.1505900100
457,339.6954521324
458,342.3330278919
459,345.6486306061
460,348.1787505889
461,349.3836896903
462,348.7013486874
463,347.7076369276
464,345.1210131335
465,342.5595108850
466,341.8117260761
467,343.4138571157
468,346.0272017295
469,347.2232901304
470,348.3750815611
471,348.6247779513
472,349.5608203680
473,350.4579767719
474,352.0210623737
475,355.9892693414
476,360.2645864969
477,365.6389840267
478,369.9407998411
479,372.4454043030
480,375.3829560531
481,379.4699549752
482,382.0844467005
483,383.7632693229
484,383.5590229573
485,383.0060704016
486,383.7026173334
487,384.5006603237
488,384.5843505090
489,383.2565586707
490,382.6059660970
491,383.3236275664
492,384.7899873300
493,386.3040690919
494,386.2150475093
495,387.7412235958
496,389.3289354753
497,390.3198052437
498,391.8038167197
499,390.9509159351
500,389.9257523565
501,389.3545244351
502,389.5430339333
503,391.3149844196
504,393.4545027947
505,393.2477754576
506,392.4350327821
507,392.2511958490
508,392.5497204377
509,391.6917224609
510,389.3287862644
511,388.1609078638
512,388.1684191802
513,388.4546854302
514,387.0946328762
515,387.7350251159
516,385.9512418247
517,383.8468044433
518,384.7660642598
519,385.9875397102
520,387.1052674350
521,386.8663786949
522,387.9279415452
523,387.8798483524
524,387.9176247368
525,388.3515219657
526,387.8016074415
527,388.2434207620
528,387.5586445635
529,386.2395069081
530,385.4142767521
531,384.6980303009
532,384.8123397957
533,386.1453223360
534,387.1285545483
535,387.2888957784
536,386.9056824969
537,386.3550671142
538,386.9246685958
539,387.4917391466
540,388.3743455088
541,389.1350484102
542,388.9196591428
543,389.6008057696
544,389.4305684095
545,389.2232114127
546,390.7876804088
547,391.2793619208
548,391.3912501946
549,390.0570455043
550,388.4716720893
551,386.0730235004
552,384.0238672707
553,382.3475999182
554,381.5123218822
555,382.8350474520
556,384.5869575827
557,386.5811734689
558,388.1244533969
559,388.9906871564
560,388.8030885031
561,386.8394779429
562,385.3896749289
563,386.3695027501
564,388.1224363705
565,388.9830975456
566,391.1887037068
567,392.7742657446
568,393.1769762046
569,392.2202562153
570,390.5203649811
571,389.1654520905
572,390.4776161631
573,391.8584445937
574,391.7935724867
575,391.0397757027
576,390.3830102827
577,388.4103405783
578,387.0398416145
579,387.1561992526
580,387.9570266221
581,389.3344993669
582,389.2516557659
583,387.3164935898
584,387.1313933085
585,388.7003368545
586,388.6297379256
587,388.5316808892
588,388.7602890347
589,389.6499985798
590,390.7558764079
591,391.1798470638
592,391.6788465241
593,392.3938700734
594,393.0213706365
595,391.7308640545
596,387.6056334938
597,383.6417460571
598,379.5915854490
599,377.1236196745
600,376.6347055401
601,377.0193014984
602,377.1594658046
603,377.4031868642
604,378.9379047989
605,379.6801298398
606,381.0291171939
607,383.0228143593
608,384.8930018318
609,387.7455497553
610,389.3748389735
611,391.2795729518
612,391.9762135600
613,391.5484808727
614,390.2020207023
615,389.7220628721
616,388.8280776162
617,388.2619183501
618,387.0011588483
619,387.1699471596
620,389.6272709333
621,392.0785938932
622,395.4605760776
623,398.7434386501
624,403.2506652670
625,406.9055084972
626,407.7579051109
627,409.4888000286
628,411.0481450462
629,411.1099968976
630,410.3800886441
631,408.3189322123
632,406.6266370331
633,404.6896856294
634,404.8903162168
635,406.3204407346
636,405.9174570253
637,403.8681726689
638,401.8188145771
639,398.6940659673
640,396.3318986867
641,395.0382084260
642,393.6761534907
643,392.2805842491
644,391.9781472343
645,393.5680255014
646,396.6441310664
647,399.1728052014
648,401.7561514318
649,403.0245585070
650,404.1760499178
651,404.2308589102
652,404.9054160756
653,404.4906211855
654,403.1051408203
655,402.1759830348
656,402.3729741523
657,401.4200910319
658,400.0802702105
659,399.4505371933
660,399.5422890054
661,399.0272547674
662,398.7634770173
663,398.5670380973
664,399.9728327920
665,401.9943566223
666,402.2502450434
667,400.0049923719
668,398.2972554342
669,398.6846623584
670,399.6454719315
671,401.3561457263
672,402.3624964032
673,401.6569842238
674,401.7730944801
675,402.3662810283
676,403.6355585668
677,403.4206640260
678,403.2588109604
679,402.7906641634
680,403.3287146314
681,403.5128342409
682,403.0417049074
683,402.1910884597
684,402.9687195164
685,404.0432774577
686,404.1366743243
687,403.1421291215
688,401.3945043056
689,401.6953202317
690,400.6998235384
691,398.9077356363
692,398.4152659771
693,399.6896469959
694,400.8595469134
695,402.5025196954
696,404.6835754719
697,407.4062812021
698,409.5821757940
699,412.7566051694
700,415.5738786006
701,419.0772803568
702,420.7609930188
703,422.6069971461
704,422.9677466189
705,421.5381018541
706,420.9631390598
707,420.1760666245
708,420.1408935539
709,419.4236307273
710,420.5218713881
711,421.9183414385
712,421.8755736209
713,421.9372899075
714,423.1630973469
715,423.6489197243
716,424.4840970077
717,427.4470759927
718,430.9683534714
719,433.5950136512
720,434.8632585460
721,436.2974858398
722,436.0823579328
723,432.7274814579
724,429.4052151527
725,426.3993700447
726,426.2871628241
727,427.1556769499
728,427.0071482925
729,425.7343024065
730,425.3971739976
731,424.7911283659
732,423.8738366801
733,423.3364016263
734,423.3551926225
735,423.7721216349
736,424.4498647776
737,426.4781688403
738,430.0741796878
739,431.3774754924
740,434.5302618112
741,437.6149489778
742,441.0403606891
743,443.0218490650
744,444.6075895555
745,446.1657340132
746,447.5730033678
747,449.5989184398
748,451.9979171302
749,452.9176218078
750,453.3465978565
751,454.5944195766
752,456.5460673217
753,457.8846614903
754,458.6039168988
755,459.0950760824
756,458.5370689094
757,456.8813077950
758,457.3688043350
759,458.0348599965
760,458.7092282626
761,458.6923365041
762,460.0531645602
763,463.3091290949
764,465.8664129224
765,468.1471525394
766,469.2128641368
767,471.6887420707
768,474.9275150929
769,476.6065028203
770,478.9076832922
771,481.3205983788
772,483.5876298327
773,485.7267072828
774,486.7455553293
775,486.9145493139
776,487.7729446705
777,488.7203480958
778,488.6200302721
779,490.6004454009
780,492.4815841104
781,493.2804244172
782,493.1860243702
783,493.9016682800
784,495.8038518242
785,497.7739567030
786,500.1890632461
787,500.6895088683
788,500.4575972857
789,500.0251373625
790,499.9176263653
791,500.6302438783
792,499.4509640215
793,501.5426333579
794,503.1523604858
795,504.4859878812
796,506.4994068517
797,509.0879003438
798,511.4164985943
799,510.2530776051
800,507.8702951564
801,507.1468448915
802,506.2900357042
803,504.7123724367
804,501.3597985472
805,500.1233364817
806,500.5179574349
807,500.2727137197
808,499.9799380377
809,499.9159618958
810,498.9800997425
811,498.0557378217
812,497.9166397304
813,498.7031158362
814,500.8457942278
815,502.7771488109
816,503.7173247656
817,504.7786498093
818,505.1383698042
819,504.1441623897
820,504.5449347947
821,504.9754809342
822,505.4677984443
823,506.6758600242
824,506.7142262140
825,507.2720658889
826,508.4750986820
827,509.4592255044
828,510.6399216098
829,510.9349125133
830,508.9040066301
831,506.9650536279
832,505.0297395923
833,504.6877741768
834,505.2315375557
835,505.3310359712
836,505.5028466059
837,507.1966968870
838,509.9773990613
839,512.5786425110
840,514.9039856321
841,516.3733413778
842,517.2639691695
843,518.5711562540
844,519.6352846701
845,520.7592410564
846,520.6295315550
847,518.7697055613
848,515.6754217589
849,513.0927783045
850,512.9611031353
851,514.6849810342
852,515.2977568534
853,514.0301864869
854,513.8162999745
855,514.6096231845
856,514.0760450819
857,514.6234807297
858,515.6642574029
859,517.8852492037
860,520.1776524783
861,522.7664254037
862,525.1283153928
863,525.9088560373
864,526.0779959903
865,525.6510939863
866,526.2412994440
867,526.0672338614
868,524.3488323353
869,523.7587721592
870,524.9747104961
871,527.7124620142
872,531.0998851598
873,532.1698838299
874,531.8797727578
875,531.1650724622
876,530.7655779336
877,528.5809029822
878,526.8299734205
879,526.2689566721
880,525.2799508835
881,524.7344684447
882,525.8491113863
883,527.1363509780
884,529.1943469460
885,531.9750972871
886,534.5728265669
887,536.8528915375
888,538.1789360555
889,540.3188672191
890,541.7188168498
891,541.9348143860
892,542.7759213441
893,542.9810277746
894,543.5270285224
895,545.2544633455
896,546.9038678646
897,548.2387336076
898,550.2056291503
899,552.6312693639
900,552.9890967463
901,551.6479065209
902,551.9988304841
903,553.2169893169
904,552.2019176093
905,549.8385426978
906,548.2603609284
907,546.5608618897
908,545.9369995441
909,546.0034304216
910,546.7797220097
911,546.4472170363
912,546.7418553143
913,549.2887673759
914,550.8345490723
915,553.0630819675
916,556.0024661462
917,558.9317220528
918,561.0441935275
919,561.3577317126
920,560.5475130539
921,560.7906578649
922,562.3739898134
923,565.0701274979
924,568.2450244888
925,571.5715232388
926,573.6341130374
927,573.7638799396
928,573.9141778382
929,574.7967496318
930,575.7932148816
931,575.1275960898
932,573.9830577217
933,571.8944221909
934,570.5753146057
935,569.0089936836
936,567.8189690944
937,567.6094747947
938,567.9500620320
939,569.7966552315
940,570.4429698319
941,568.5487796822
942,567.9357408288
943,569.4877098238
944,572.5062337704
945,575.2668336024
946,577.7835393278
947,579.8142542473
948,580.0112181653
949,579.4070396652
950,579.6075527029
951,579.5378053635
952,581.4688659075
953,581.8976941474
954,581.4979099435
955,582.4774338756
956,583.0300316626
957,582.2864326373
958,580.3809982619
959,578.3429472399
960,578.6522205761
961,579.9401223295
962,581.5927055535
963,582.4608717869
964,583.9115216925
965,585.3835765454
966,585.6196105297
967,585.2746462106
968,585.3767741086
969,586.9120468110
970,588.3689667148
971,589.9685930013
972,593.3411380333
973,595.4151640382
974,595.4227987794
975,596.2821898361
976,597.7750484519
977,598.9482034713
978,600.1310370591
979,600.8349519082
980,601.9191482125
981,602.6335655288
982,604.0065115863
983,604.1449247911
984,603.3055922023
985,602.9190318440
986,602.4980302668
987,603.0461679400
988,603.7879033765
989,603.9246359169
990,604.3007309870
991,604.3087122830
992,602.8452319792
993,600.6119272224
994,598.3781361198
995,596.5765226431
996,595.7020304076
997,596.3681557727
998,597.8441709343
999,600.9278012989
1000,604.8402550125
1001,607.6359836639
1002,611.1630397529
1003,615.2115497418
1004,617.7981742333
1005,619.7826670384
1006,622.4188775985
1007,624.8288948249
1008,627.6223367417
1009,630.2578111980
1010,632.9206895608
1011,634.6710041375
1012,636.2647840998
1013,637.2312706189
1014,638.6385631803
1015,638.2576605320
1016,638.1182375550
1017,639.6464329750
1018,641.7799969053
1019,643.4700083960
1020,645.2766559367
1021,645.9380413263
1022,645.5110317790
1023,644.9078504922
1024,644.5517826266
1025,645.5211327884
1026,645.7596994582
1027,646.8965167071
1028,646.5671057678
1029,645.3716661004
1030,644.6424817586
1031,645.6125540013
1032,646.1890734136
1033,644.4680640455
1034,643.4730396378
1035,643.2335513266
1036,642.2594945561
1037,640.5670198247
1038,638.8031320158
1039,637.8946649747
1040,638.3027741138
1041,637.5284732661
1042,639.1692726494
1043,641.0624579893
1044,642.0738755062
1045,643.5012858218
1046,644.9278414265
1047,648.4119166708
1048,652.5583944054
1049,655.2654520970
1050,656.6472169715
1051,657.1195661323
1052,657.1701927125
1053,658.0289313929
1054,658.3579353614
1055,660.2322241353
1056,662.0161419744
1057,663.1734554998
1058,665.0300702370
1059,664.7062084980
1060,663.2387410928
1061,662.9326873154
1062,663.1962918255
1063,663.6017350045
1064,664.4940351566
1065,664.8029780836
1066,664.8925223574
1067,663.7890174395
1068,661.0981982136
1069,660.4405015715
1070,659.7467400499
1071,658.5884651788
1072,659.3287710317
1073,661.5047878195
1074,662.8548426673
1075,663.2286811860
1076,663.4641197839
1077,662.8778508550
1078,663.0396208329
1079,663.6976935414
1080,664.5168823121
1081,666.0516966397
1082,668.1681758999
1083,671.7464317333
1084,676.2133509178
1085,677.8890175357
1086,679.5296964076
1087,679.9152063071
1088,678.6330524426
1089,678.3966260954
1090,678.0159383335
1091,677.5109411607
1092,678.4331887001
1093,678.8941344111
1094,678.3263745523
1095,678.2938751487
1096,679.8455379438
1097,681.9222081935
1098,682.0231334394
1099,681.2164638108
1100,680.6349634085
1101,682.4206481770
1102,685.2144277302
1103,688.2600954542
1104,691.7957997497
1105,694.2189813332
1106,696.3098431424
1107,698.4485962939
1108,699.1520421805
1109,699.5142793764
1110,700.5407607020
1111,700.4961775966
1112,701.2036937994
1113,702.8794063367
1114,705.3962043150
1115,706.6915768508
1116,707.5935963785
1117,709.8701778636
1118,712.7146251827
1119,714.1205693357
1120,715.2024312015
1121,717.5890681982
1122,719.6202594779
1123,721.4461823907
1124,725.4735298434
1125,728.8722051440
1126,731.0406808611
1127,731.5514037658
1128,731.1445462707
1129,732.4347676488
1130,733.7610919547
1131,733.5735264483
1132,732.4176735682
1133,731.6939449759
1134,732.2692209614
1135,732.3413939192
1136,733.1153645183
1137,733.5447409426
1138,734.2496737970
1139,735.5351857734
1140,737.3043945919
1141,738.3493160095
1142,738.9087591205
1143,739.9291762500
1144,739.6267054003
1145,739.4543421970
1146,740.1390445340
1147,741.9683517967
1148,743.5603177817
1149,744.5364741774
1150,745.4230590770
1151,745.4774950917
1152,745.2925315144
1153,745.7373448692
1154,746.6164208994
1155,746.3907949689
1156,745.8209740545
1157,743.4705288928
1158,742.4284378807
1159,741.7112674268
1160,741.5585701870
1161,740.6359767193
1162,739.8627164512
1163,740.0117423632
1164,741.4068993825
1165,741.3663887496
1166,741.9637798509
1167,742.5962191732
1168,742.3355498208
1169,742.6062198920
1170,742.7993286794
1171,742.7117065446
1172,742.0468993199
1173,741.8392945445
1174,741.9966657989
1175,742.1059078623
1176,741.3409885578
1177,740.2600764753
1178,740.0360650417
1179,741.4759672549
1180,742.8716091133
1181,745.2888261634
1182,747.3268621209
1183,747.6308931473
1184,748.2916774204
1185,748.0864196345
1186,748.2498071981
1187,749.7123999717
1188,750.7772297359
1189,751.4097942238
1190,754.4031366398
1191,757.3524990557
1192,759.6325648945
1193,762.0350857352
1194,763.7876481367
1195,764.8968080665
1196,766.0920960017
1197,764.7094222450
1198,764.7528283330
1199,764.3128449047
