t,u,u_lag1,y
0,1.3451656419,1.5810185068,-0.1418019421
1,1.4125076198,1.3451656419,2.3530007294
2,2.9254516792,1.4125076198,2.3959395243
3,2.5102338972,2.9254516792,3.5637279572
4,-0.2499727222,2.5102338972,2.0956555372
5,0.3348945445,-0.2499727222,2.7166738972
6,-0.2939326195,0.3348945445,2.2368237512
7,0.8181557640,-0.2939326195,2.9200107543
8,-1.0809242920,0.8181557640,-0.5354291944
9,-0.6148872044,-1.0809242920,-0.0688905245
10,0.3741862825,-0.6148872044,0.4561631868
11,1.7776325992,0.3741862825,2.9271167749
12,2.4575158000,1.7776325992,3.6300691238
13,2.9688352340,2.4575158000,3.6081252441
14,2.4384134979,2.9688352340,4.4698216121
15,1.9974860633,2.4384134979,3.9314535222
16,0.6677355587,1.9974860633,1.3979229673
17,1.5644719579,0.6677355587,3.4263696260
18,2.8694545762,1.5644719579,6.0016167917
19,2.9735748942,2.8694545762,6.6620860599
20,1.5822719851,2.9735748942,3.3712381504
21,-0.0625265989,1.5822719851,2.5689072040
22,-0.4952759048,-0.0625265989,1.8726440802
23,1.2415693737,-0.4952759048,4.9646875604
24,1.2335164382,1.2415693737,5.7276541022
25,0.0927563716,1.2335164382,0.6888385896
26,-0.2069356832,0.0927563716,2.3452989207
27,0.7257945589,-0.2069356832,1.3436940396
28,0.0019083712,0.7257945589,1.0689142172
29,-0.3982514422,0.0019083712,2.1407342873
30,-0.7812444796,-0.3982514422,2.4086639625
31,-1.4401574017,-0.7812444796,0.2009660685
32,0.8548766237,-1.4401574017,4.7933290863
33,-0.0401381381,0.8548766237,1.5839363953
34,0.3141983920,-0.0401381381,2.4846647153
35,1.5035133363,0.3141983920,2.1605146454
36,1.1690312833,1.5035133363,1.5374778878
37,0.6072108754,1.1690312833,0.1223748383
38,0.4091739321,0.6072108754,1.3640301877
39,0.4023940074,0.4091739321,0.4414504798
40,0.1920861955,0.4023940074,1.7186983665
41,-0.2096485891,0.1920861955,0.1245482748
42,-0.4737705570,-0.2096485891,1.3616512491
43,-0.1912611558,-0.4737705570,1.9512221332
44,1.6752262277,-0.1912611558,3.6172365648
45,1.0076891204,1.6752262277,3.0042488849
46,1.6785158285,1.0076891204,5.2334559984
47,1.2354421137,1.6785158285,5.3382506538
48,0.1093048874,1.2354421137,2.9109384922
49,-0.9767588192,0.1093048874,1.5267074886
50,-0.3799352452,-0.9767588192,3.1203655793
51,-1.5198305406,-0.3799352452,3.6370067864
52,-0.7010828206,-1.5198305406,3.9363715550
53,-0.8187201655,-0.7010828206,1.4682329075
54,1.1034636452,-0.8187201655,3.0154023152
55,-0.0697213346,1.1034636452,0.9059613301
56,1.1117425638,-0.0697213346,2.9431806076
57,2.3514269076,1.1117425638,2.4901178206
58,2.7842128128,2.3514269076,1.5497911209
59,1.7833695802,2.7842128128,1.6965460223
60,1.8593786544,1.7833695802,1.8821295213
61,1.7109583075,1.8593786544,2.1883134203
62,1.3087451642,1.7109583075,0.4048152607
63,2.0318163189,1.3087451642,1.6957036210
64,1.6371628100,2.0318163189,2.5997375296
65,1.6401338457,1.6371628100,2.3238397577
66,2.4797306459,1.6401338457,2.4382778130
67,1.9715964196,2.4797306459,3.0935766453
68,1.3051581120,1.9715964196,1.9423746101
69,1.3338926440,1.3051581120,3.3448180601
70,0.6602442482,1.3338926440,2.5065263443
71,-1.6814433909,0.6602442482,-0.5507859407
72,-1.7632913536,-1.6814433909,-0.6027127642
73,-1.4899699786,-1.7632913536,0.4999801104
74,-2.2726360835,-1.4899699786,-1.5660928211
75,-3.5927078821,-2.2726360835,-2.4010009252
76,-2.3355046820,-3.5927078821,0.1612304807
77,-2.4414216825,-2.3355046820,-1.7434562297
78,-1.2343545079,-2.4414216825,-0.6474311469
79,-0.4450440891,-1.2343545079,0.0383849194
80,1.2439907388,-0.4450440891,0.5978262897
81,1.6553739944,1.2439907388,2.0093792801
82,2.3182330784,1.6553739944,1.9843921793
83,3.3020677223,2.3182330784,3.2520588065
84,2.3876404759,3.3020677223,1.1246503004
85,3.1013794667,2.3876404759,4.5070047883
86,3.7608589234,3.1013794667,6.2059373064
87,1.3077780336,3.7608589234,3.0273140473
88,0.0788852245,1.3077780336,2.7385195128
89,0.2964429178,0.0788852245,2.9953889656
90,2.0280441085,0.2964429178,5.6874268306
91,1.3753298867,2.0280441085,5.8725787277
92,-0.0928751114,1.3753298867,5.6802019365
93,-1.5665412937,-0.0928751114,3.1548182069
94,-0.8679670405,-1.5665412937,4.2768043984
95,-0.4113945822,-0.8679670405,2.6736340192
96,-0.9031925633,-0.4113945822,2.6503158687
97,-0.3643143422,-0.9031925633,3.7260474712
98,-0.5971806353,-0.3643143422,1.2824597294
99,0.7173131674,-0.5971806353,2.8068113938
100,-0.7579928538,0.7173131674,-0.8342086063
101,-1.0241710264,-0.7579928538,-0.2774433741
102,0.3459174209,-1.0241710264,0.8682731734
103,-0.2960474916,0.3459174209,-1.2942477440
104,-1.0448902202,-0.2960474916,-2.9068004510
105,-1.0763984473,-1.0448902202,-2.1573616437
106,1.0189406197,-1.0763984473,-0.9036292364
107,1.1320215630,1.0189406197,0.7255332613
108,2.3534352602,1.1320215630,1.6900923475
109,1.0119552137,2.3534352602,-0.2341287090
110,0.6573553771,1.0119552137,0.6947128779
111,1.2552708692,0.6573553771,1.8452872190
112,1.2934477318,1.2552708692,0.9264629906
113,0.5458744206,1.2934477318,1.4523359363
114,-1.7407769198,0.5458744206,-0.9098631448
115,-0.8275337764,-1.7407769198,1.0492964146
116,0.1202621896,-0.8275337764,3.3356253075
117,0.6025334447,0.1202621896,2.5389114800
118,-1.1728169515,0.6025334447,0.4656540590
119,-2.3247080523,-1.1728169515,-2.3404836708
120,-2.4218511217,-2.3247080523,-1.4351174558
121,-2.9374602530,-2.4218511217,-3.3692028621
122,-1.2910677513,-2.9374602530,-1.7104294901
123,-2.1072854793,-1.2910677513,-2.7862413379
124,-2.0025693278,-2.1072854793,-1.9835498956
125,-2.6938126213,-2.0025693278,-3.1003683197
126,-3.8782742475,-2.6938126213,-4.2476161391
127,-2.1050830318,-3.8782742475,-2.3009046370
128,-1.5187312062,-2.1050830318,-3.6030672323
129,-1.9099780002,-1.5187312062,-1.3976445635
130,-1.5023068190,-1.9099780002,-1.8107863017
131,-3.3643714567,-1.5023068190,-3.5051398967
132,-1.1235255928,-3.3643714567,-1.9897725556
133,-1.9260259771,-1.1235255928,-3.5304084358
134,-3.4397648336,-1.9260259771,-4.1205728990
135,-3.8047663243,-3.4397648336,-4.6430351596
136,-2.8214716362,-3.8047663243,-4.1667303534
137,-2.2489004273,-2.8214716362,-3.5021246675
138,-1.1353729091,-2.2489004273,-1.7032169160
139,-0.2175332096,-1.1353729091,-1.1182777987
140,-0.1296352650,-0.2175332096,-1.7919184342
141,0.9178548134,-0.1296352650,1.5847357056
142,-1.0828267514,0.9178548134,-1.3809711226
143,-0.4007807216,-1.0828267514,2.2152560772
144,0.1436334329,-0.4007807216,1.9898602458
145,0.4593292266,0.1436334329,0.6659127099
146,0.2066450296,0.4593292266,-0.1859233574
147,-0.3663395939,0.2066450296,-1.2127401177
148,-0.8963600949,-0.3663395939,-0.5943522159
149,-2.4100137539,-0.8963600949,-3.9923302230
150,-2.4337255211,-2.4100137539,-1.3530219404
151,-0.8835934958,-2.4337255211,-0.8882247803
152,0.7279554844,-0.8835934958,1.7625196705
153,0.0988703482,0.7279554844,1.4719107099
154,-0.4665179750,0.0988703482,-0.2129691402
155,-0.8876983433,-0.4665179750,-0.8243908399
156,-0.8623506839,-0.8876983433,-0.2526149460
157,-0.6986325813,-0.8623506839,1.0210044274
158,-0.0963561601,-0.6986325813,2.0310581393
159,1.3348585099,-0.0963561601,2.9775974180
160,-0.9538749882,1.3348585099,0.9734112102
161,-1.8353917399,-0.9538749882,-0.0147030907
162,-1.9534641242,-1.8353917399,0.2868780598
163,-1.6358594865,-1.9534641242,-0.9645225468
164,-0.9230314272,-1.6358594865,1.7807356098
165,1.0160722906,-0.9230314272,2.8178793433
166,-0.1209708034,1.0160722906,0.6406859494
167,0.5360465336,-0.1209708034,1.8832371442
168,0.3386425186,0.5360465336,1.7114662924
169,0.3286753671,0.3386425186,2.4688481403
170,0.5642261051,0.3286753671,1.7519520614
171,1.3043384954,0.5642261051,1.0023286859
172,1.1690967565,1.3043384954,3.7148700348
173,-0.1569091096,1.1690967565,0.6082677010
174,0.3475947946,-0.1569091096,3.1052217031
175,0.7654787008,0.3475947946,1.9081461625
176,-0.9272239121,0.7654787008,-0.9343347979
177,-0.3038166934,-0.9272239121,1.5574915677
178,-0.3162041469,-0.3038166934,-0.5994098158
179,-0.4188070621,-0.3162041469,-2.7316581926
180,-0.2451955939,-0.4188070621,-0.2447823405
181,1.5318873041,-0.2451955939,2.2773220330
182,-0.4221686168,1.5318873041,0.7507362309
183,-0.1530888158,-0.4221686168,1.6114123993
184,-1.9810213555,-0.1530888158,-1.8568758488
185,-1.5676460456,-1.9810213555,-1.5270213187
186,-0.3405899203,-1.5676460456,-0.0642279199
187,-2.0725895757,-0.3405899203,-2.0140482336
188,-0.5220696178,-2.0725895757,-0.0067592164
189,0.0591723741,-0.5220696178,0.6854772018
190,-0.0652310565,0.0591723741,1.7065895097
191,-0.2211683840,-0.0652310565,1.4032206888
192,-0.1794485496,-0.2211683840,2.3044452301
193,-0.0662028689,-0.1794485496,1.3519298631
194,-0.0721015951,-0.0662028689,0.7565405589
195,1.0108680429,-0.0721015951,1.3367293332
196,1.6324745248,1.0108680429,2.7062354075
197,0.4494178812,1.6324745248,0.5099547717
198,1.4729063564,0.4494178812,2.8363271369
199,3.0457903876,1.4729063564,3.2780966579
200,4.0990096217,3.0457903876,5.3858986166
201,3.6307372833,4.0990096217,5.9223554039
202,1.3973257470,3.6307372833,3.2984289483
203,0.6712755301,1.3973257470,2.7962904747
204,0.4906144333,0.6712755301,1.7131205613
205,0.3842197171,0.4906144333,1.4060681200
206,-1.0780298519,0.3842197171,-0.9028572993
207,-0.1768880938,-1.0780298519,1.7870024473
208,0.8411278184,-0.1768880938,3.2344382775
209,-0.5766225625,0.8411278184,1.6882619580
210,-1.1141012821,-0.5766225625,0.9744980523
211,-1.7937679992,-1.1141012821,0.5621139965
212,-1.2889332194,-1.7937679992,0.8032248169
213,0.2240632010,-1.2889332194,0.4754303483
214,-1.7758644781,0.2240632010,-2.4791333359
215,0.2687739620,-1.7758644781,-0.3318253262
216,1.3175432725,0.2687739620,0.9315880873
217,-0.1151774621,1.3175432725,-1.1154780134
218,1.6628885459,-0.1151774621,2.3686150158
219,2.6424977064,1.6628885459,1.7000964885
220,2.7889326741,2.6424977064,3.1714187842
221,2.6987375802,2.7889326741,3.8808529079
222,1.4018560382,2.6987375802,2.1409355011
223,1.7533198451,1.4018560382,2.2352571590
224,0.7222950497,1.7533198451,0.4791912996
225,0.7840495440,0.7222950497,1.6126245591
226,1.8088176965,0.7840495440,2.8211923262
227,1.2201643440,1.8088176965,-0.2793108518
228,0.4841217290,1.2201643440,1.4581923645
229,1.0529041055,0.4841217290,1.9575158423
230,1.9386790799,1.0529041055,3.3907734387
231,2.6793220053,1.9386790799,3.3728700045
232,2.0672385022,2.6793220053,3.9535936955
233,3.1822674509,2.0672385022,6.7772854211
234,4.3315755306,3.1822674509,6.3452500061
235,3.2760766037,4.3315755306,5.4116511474
236,3.3596564052,3.2760766037,5.5676021130
237,1.0474079165,3.3596564052,2.4602495554
238,0.8197052574,1.0474079165,2.2208325286
239,-0.2564491964,0.8197052574,2.3878437714
240,0.0583815594,-0.2564491964,0.5160915391
241,-0.4442129968,0.0583815594,0.6795855755
242,-2.5682779148,-0.4442129968,-2.1120868010
243,-1.3156184902,-2.5682779148,-1.5708682174
244,-1.9431583385,-1.3156184902,-1.9561445273
245,-0.2537481363,-1.9431583385,-1.0488733244
246,1.3657840007,-0.2537481363,2.1049636872
247,1.7972482495,1.3657840007,3.0077101062
248,1.4762002716,1.7972482495,3.3199865263
249,1.5372897324,1.4762002716,4.8199508318
250,-0.0764738591,1.5372897324,1.1939108191
251,0.1428573034,-0.0764738591,1.9020904491
252,1.1967701445,0.1428573034,3.1953511503
253,1.7772094876,1.1967701445,5.4030990722
254,0.4994802970,1.7772094876,3.5054292634
255,2.0285150737,0.4994802970,5.4827527181
256,2.2462229479,2.0285150737,5.4407434122
257,0.9617875301,2.2462229479,4.2837854219
258,1.3317201265,0.9617875301,3.6015336274
259,0.2354386219,1.3317201265,3.3851577376
260,-0.1894151779,0.2354386219,3.2931038667
261,-0.0027548285,-0.1894151779,2.5112195059
262,1.9561490659,-0.0027548285,3.8734574433
263,4.1578385116,1.9561490659,4.5002404729
264,1.9200799965,4.1578385116,2.9831591491
265,1.5687774519,1.9200799965,2.8303506637
266,1.1900946468,1.5687774519,1.8328333343
267,1.6955810027,1.1900946468,1.8005264042
268,1.8048281215,1.6955810027,1.4121982139
269,0.9200452618,1.8048281215,1.8192365694
270,1.1301342085,0.9200452618,0.8115736040
271,0.3291299049,1.1301342085,1.3879573612
272,-0.4863860777,0.3291299049,0.5831475866
273,0.2366524939,-0.4863860777,1.8898357761
274,0.4353620671,0.2366524939,1.6002981557
275,-0.1863303278,0.4353620671,-0.3264483891
276,0.5603224050,-0.1863303278,3.7987201085
277,0.1091256785,0.5603224050,3.0095964002
278,-0.6307057591,0.1091256785,1.6698808535
279,-0.5725319120,-0.6307057591,1.7474034827
280,0.2067083895,-0.5725319120,2.3813151125
281,-0.3955921376,0.2067083895,-1.3143890436
282,1.1723064680,-0.3955921376,2.5283262729
283,0.7507280724,1.1723064680,0.8318356262
284,0.9411329157,0.7507280724,1.6137234140
285,1.5845277116,0.9411329157,0.4836380243
286,1.3148568301,1.5845277116,0.3838693464
287,0.4647701700,1.3148568301,-0.9661481177
288,0.2124940753,0.4647701700,1.7877861469
289,1.1637505298,0.2124940753,1.8515502779
290,2.2249180875,1.1637505298,3.2008830834
291,2.4552838293,2.2249180875,4.3157675733
292,1.5570454072,2.4552838293,3.0049333083
293,0.3339333575,1.5570454072,2.4381688209
294,-0.2495960983,0.3339333575,2.3903186942
295,-0.6105040823,-0.2495960983,1.5573681142
296,-0.2099103737,-0.6105040823,1.7278092596
297,-0.1378944466,-0.2099103737,0.2076905915
298,-0.8281694368,-0.1378944466,-0.8990430409
299,0.0834972562,-0.8281694368,-1.1203236788
300,-0.5983117652,0.0834972562,0.0183821473
301,-0.3484205385,-0.5983117652,0.3304665962
302,-0.9662014371,-0.3484205385,1.0425330414
303,0.3186595239,-0.9662014371,2.2763652931
304,0.7148367423,0.3186595239,3.3914781004
305,0.8280188296,0.7148367423,1.6552995317
306,1.8100664412,0.8280188296,1.8068808586
307,2.4492707600,1.8100664412,3.1444425630
308,0.7487125400,2.4492707600,1.1725840421
309,0.8598197730,0.7487125400,2.8270071004
310,-0.2752360453,0.8598197730,-0.2556302630
311,-0.7450066149,-0.2752360453,-1.3598171573
312,-0.9632914833,-0.7450066149,-1.5356591404
313,-2.1355263698,-0.9632914833,-2.1814251591
314,-2.8741667691,-2.1355263698,-3.1520336325
315,-2.1582940859,-2.8741667691,-2.7152542958
316,-1.5744913407,-2.1582940859,-3.0558179144
317,-0.7047851360,-1.5744913407,-1.7943005942
318,-0.6670967037,-0.7047851360,-0.7809919581
319,-0.8893322305,-0.6670967037,-1.0384828567
320,-0.9962480776,-0.8893322305,-2.2968410678
321,-1.0757317797,-0.9962480776,-1.7376800623
322,-1.5984550316,-1.0757317797,-0.5461662817
323,-1.1611892639,-1.5984550316,-0.4516357113
324,-1.8422732138,-1.1611892639,0.1622824742
325,-2.4704050523,-1.8422732138,-1.8229071478
326,-3.4574469852,-2.4704050523,-2.9879557663
327,-2.6557715636,-3.4574469852,0.2322653513
328,-2.8151233176,-2.6557715636,-2.2561407192
329,-2.5136605269,-2.8151233176,-1.7265736919
330,-1.9406068150,-2.5136605269,-1.4208706233
331,-2.4570785194,-1.9406068150,-1.5050972123
332,-1.8001755284,-2.4570785194,-0.9677197994
333,-1.4148463796,-1.8001755284,1.2286218616
334,-1.1845650388,-1.4148463796,1.8056305351
335,-2.8283689345,-1.1845650388,0.1308271192
336,-1.2851368250,-2.8283689345,2.0901866660
337,-0.5428538809,-1.2851368250,2.7236310850
338,0.1229178506,-0.5428538809,1.2053198547
339,1.7587383168,0.1229178506,4.0710625978
340,0.3811522522,1.7587383168,0.5357504810
341,2.1814342182,0.3811522522,3.5991706563
342,1.5292988642,2.1814342182,3.8875282135
343,2.0976235351,1.5292988642,5.2254627555
344,2.8291061587,2.0976235351,4.5706045340
345,1.2704140574,2.8291061587,3.3009922594
346,1.2990317137,1.2704140574,3.6843559679
347,0.4837037400,1.2990317137,3.4162291206
348,0.8291529655,0.4837037400,3.4651796931
349,-0.7454686564,0.8291529655,0.1814525419
350,1.0723120487,-0.7454686564,3.9663931526
351,1.2894464850,1.0723120487,1.2271833681
352,0.8094075126,1.2894464850,1.8362284917
353,-0.1796857356,0.8094075126,0.2163881015
354,1.1753307744,-0.1796857356,2.0300582621
355,0.4549141466,1.1753307744,2.6140833683
356,1.1487355949,0.4549141466,2.2283087825
357,-0.2245287063,1.1487355949,0.2231505123
358,0.3618621999,-0.2245287063,2.0682008274
359,-1.5360770164,0.3618621999,-2.9277746274
360,-0.8835369754,-1.5360770164,-1.8479928545
361,-1.6710233543,-0.8835369754,-1.5274652653
362,-2.3337822982,-1.6710233543,-2.2790004323
363,-0.9682669261,-2.3337822982,-0.4246710908
364,-0.1094113425,-0.9682669261,2.1166423047
365,-0.7017179549,-0.1094113425,-1.0239999155
366,-1.3150277814,-0.7017179549,-0.6279306126
367,-0.0252407458,-1.3150277814,0.5087875083
368,-1.5287152154,-0.0252407458,-1.0979793139
369,-1.5290577248,-1.5287152154,-1.7360583714
370,-1.9631762608,-1.5290577248,-3.8597343439
371,-1.5957058213,-1.9631762608,-2.4120894474
372,-1.3747576280,-1.5957058213,-3.4883952082
373,-1.3047863924,-1.3747576280,-2.9446515704
374,-2.2689801424,-1.3047863924,-5.0297956471
375,-1.6078436499,-2.2689801424,-2.4106293928
376,-0.8576995164,-1.6078436499,-2.0974183230
377,-1.1477394211,-0.8576995164,-0.8456304602
378,0.7176303757,-1.1477394211,2.6505503249
379,0.0994861660,0.7176303757,0.1601763825
380,0.0450844882,0.0994861660,-0.1322032419
381,1.9192532971,0.0450844882,2.4593562797
382,1.2224278303,1.9192532971,2.1408102701
383,0.8302716037,1.2224278303,2.8690860504
384,-0.8145275320,0.8302716037,0.3539434725
385,-0.6744754446,-0.8145275320,1.1781443157
386,-0.9901227311,-0.6744754446,1.1772251186
387,-0.5322824859,-0.9901227311,1.6112238874
388,-1.5124653984,-0.5322824859,-1.0351194117
389,-0.0813391870,-1.5124653984,1.6057238521
390,0.4085839333,-0.0813391870,2.3722715213
391,1.1577740237,0.4085839333,1.7277628968
392,0.5339660177,1.1577740237,1.4449612400
393,-1.3240797933,0.5339660177,-0.2340983628
394,-0.7621724375,-1.3240797933,0.1503266882
395,-0.6681741708,-0.7621724375,-0.1656504188
396,-1.0431846042,-0.6681741708,-0.4137610728
397,0.7172993252,-1.0431846042,1.8771051304
398,0.8223620264,0.7172993252,1.6086279535
399,0.7670300928,0.8223620264,1.0912826506
400,1.0294984903,0.7670300928,1.3681056361
401,1.1388351039,1.0294984903,2.7657298699
402,1.2935471728,1.1388351039,1.4014212918
403,1.7875634085,1.2935471728,2.5496711778
404,1.5241284874,1.7875634085,0.2153356770
405,0.7753165519,1.5241284874,1.1754733727
406,-0.1874531899,0.7753165519,-1.5375733461
407,0.0536956112,-0.1874531899,0.5989140931
408,0.5029376883,0.0536956112,1.9971307477
409,1.1534134743,0.5029376883,2.3329889921
410,0.1285656591,1.1534134743,0.3764391873
411,-1.3749979217,0.1285656591,-0.5580073622
412,-2.5160229809,-1.3749979217,-0.5022184007
413,-0.6051646910,-2.5160229809,2.4073718871
414,0.0865197226,-0.6051646910,1.3009812897
415,0.0384429387,0.0865197226,2.2367273297
416,-0.2782373987,0.0384429387,0.9720855332
417,1.8920676210,-0.2782373987,4.4272226194
418,2.2764834708,1.8920676210,4.1904160776
419,2.4980993480,2.2764834708,4.7497109223
420,1.4692519417,2.4980993480,3.3206377413
421,2.2961458060,1.4692519417,4.2047489310
422,1.4416450684,2.2961458060,3.9525902655
423,0.3962563451,1.4416450684,1.1256855596
424,1.6410572352,0.3962563451,2.4157165136
425,1.6450787951,1.6410572352,2.3463643497
426,1.9799462556,1.6450787951,2.8945799524
427,0.1327767912,1.9799462556,1.2593820746
428,-0.2745740303,0.1327767912,1.9478324133
429,-1.0715407568,-0.2745740303,-0.0719651622
430,-0.6708457753,-1.0715407568,-0.4382815681
431,-0.6665865263,-0.6708457753,1.9463646880
432,-0.5912182974,-0.6665865263,-1.4222877898
433,-1.2560426784,-0.5912182974,-0.9914176466
434,0.3141985448,-1.2560426784,0.9206682861
435,-1.0651704405,0.3141985448,-1.5545937501
436,-0.4600653906,-1.0651704405,1.7441178059
437,-0.4693863439,-0.4600653906,0.8019469158
438,0.5660226336,-0.4693863439,-0.7864602474
439,-0.5563534877,0.5660226336,-0.7220725850
440,0.4871570962,-0.5563534877,1.4937122402
441,-0.4914961067,0.4871570962,1.5453789729
442,-0.2209491173,-0.4914961067,1.7026074086
443,-0.4442907091,-0.2209491173,-0.1525218505
444,1.8936442243,-0.4442907091,2.6711598386
445,0.1656219533,1.8936442243,-0.3912972385
446,-0.6036522503,0.1656219533,-1.7572350692
447,-2.3640359267,-0.6036522503,-2.7406743844
448,-3.0208352547,-2.3640359267,-2.3916078458
449,-2.7252270676,-3.0208352547,-1.3829426710
450,-2.6786755187,-2.7252270676,-0.9687722642
451,-3.0991524544,-2.6786755187,-1.5884612009
452,-3.2880628233,-3.0991524544,-2.7009349211
453,-2.9934052396,-3.2880628233,-0.2902953609
454,-2.4348938489,-2.9934052396,-0.9511824111
455,-0.4829635030,-2.4348938489,-0.0800235463
456,-0.1510742079,-0.4829635030,0.4367527990
457,-0.3120727430,-0.1510742079,-0.9041515893
458,-0.7524324603,-0.3120727430,-0.8004082107
459,-0.0947533900,-0.7524324603,0.8930660157
460,1.0601577225,-0.0947533900,1.2090986523
461,0.4366891930,1.0601577225,0.4743888654
462,1.1374138890,0.4366891930,2.1404342416
463,1.2687259391,1.1374138890,1.9138942124
464,-1.1970102046,1.2687259391,-0.9120907836
465,0.7882566186,-1.1970102046,1.0974684203
466,1.4042225619,0.7882566186,0.8244894150
467,-0.3672710469,1.4042225619,-0.4247047887
468,-2.3285189242,-0.3672710469,-2.5225021120
469,-1.7978445059,-2.3285189242,-1.2691276898
470,-2.0553354306,-1.7978445059,-2.1967789137
471,-1.2669825810,-2.0553354306,-2.7097677000
472,-1.5156328727,-1.2669825810,-2.2066028202
473,-0.1154817430,-1.5156328727,-1.7567548005
474,-0.7570150514,-0.1154817430,-1.4422808400
475,-0.2921306337,-0.7570150514,-0.2569032028
476,0.3239191408,-0.2921306337,0.4958503815
477,-0.1100127462,0.3239191408,-0.0210903734
478,0.7052260066,-0.1100127462,2.2914518247
479,0.6040140255,0.7052260066,2.2373647496
480,0.4017528614,0.6040140255,-0.1197505281
481,0.0393111613,0.4017528614,-0.1055389570
482,-2.3773245092,0.0393111613,-1.7311099746
483,-2.9718578445,-2.3773245092,-3.3080835665
484,-0.6421018972,-2.9718578445,-1.4589398030
485,-0.9509709236,-0.6421018972,-1.0106949919
486,-1.6069631220,-0.9509709236,-2.6677656054
487,-1.5421317738,-1.6069631220,-0.9032558755
488,-1.5088671510,-1.5421317738,-0.4286361063
489,0.7793390286,-1.5088671510,1.3403383681
490,-0.5249659204,0.7793390286,-1.4480863747
491,-1.1763677303,-0.5249659204,0.8239347820
492,-0.3704035128,-1.1763677303,1.3569964899
493,-2.0989198315,-0.3704035128,-1.0552236442
494,-3.3213299367,-2.0989198315,-2.0883011427
495,-3.9600015007,-3.3213299367,-1.5477394008
496,-3.9121573070,-3.9600015007,-1.9859815682
497,-2.1801164296,-3.9121573070,-0.9508347679
498,-0.4916317501,-2.1801164296,0.3018070877
499,0.0547288895,-0.4916317501,1.6534326724
500,1.9328875247,0.0547288895,3.9243268474
501,-0.3517525930,1.9328875247,0.7231507815
502,0.7109526658,-0.3517525930,2.9899000757
503,-0.1564649485,0.7109526658,-0.6761848572
504,0.3088888670,-0.1564649485,2.7134793948
505,-0.0666612011,0.3088888670,1.0878636149
506,-1.5032896896,-0.0666612011,-0.9447602418
507,-0.1048578565,-1.5032896896,-1.3271063181
508,1.2972808579,-0.1048578565,1.4173409142
509,1.2615873621,1.2972808579,-1.0176455416
510,0.1705356990,1.2615873621,1.1250759626
511,2.1110795355,0.1705356990,0.3119223354
512,-0.6458706513,2.1110795355,-1.4520432304
513,-0.3355498462,-0.6458706513,-1.2551777266
514,-1.1629068223,-0.3355498462,-0.8255056300
515,-1.6472488333,-1.1629068223,-4.3971756080
516,-0.3747725635,-1.6472488333,-2.1153087532
517,-0.7631718329,-0.3747725635,-4.2614232025
518,0.3595715271,-0.7631718329,-1.7633798061
519,0.5221022992,0.3595715271,-1.3961483168
520,1.7821841108,0.5221022992,0.8447235556
521,2.3591538065,1.7821841108,2.4329636664
522,2.7212178738,2.3591538065,2.6585984065
523,2.2018600498,2.7212178738,1.6277411028
524,1.7027346768,2.2018600498,1.9562394493
525,0.4013270723,1.7027346768,0.4405216198
526,0.7533587838,0.4013270723,1.1676855971
527,1.3100998476,0.7533587838,2.1050582061
528,0.3654590583,1.3100998476,2.4829171447
529,0.6651827253,0.3654590583,2.7595501943
530,-0.2371351367,0.6651827253,2.3950278318
531,-0.2325898049,-0.2371351367,2.7697261715
532,-1.2602603432,-0.2325898049,-0.0666170826
533,-1.0073725041,-1.2602603432,2.1152031605
534,0.2407501683,-1.0073725041,2.9509066492
535,0.4593535767,0.2407501683,2.0877384574
536,-1.3571180238,0.4593535767,0.4173157370
537,-0.4458494270,-1.3571180238,2.6507221347
538,-0.6961038852,-0.4458494270,1.7603216606
539,0.6900137181,-0.6961038852,4.2398880464
540,1.2300565101,0.6900137181,3.1163896444
541,1.6463329925,1.2300565101,1.8303696414
542,1.0076952365,1.6463329925,0.9865038564
543,0.9416028525,1.0076952365,1.4152901150
544,-0.0020530216,0.9416028525,0.0778899680
545,0.0713122056,-0.0020530216,1.4255771957
546,0.8111197324,0.0713122056,0.1111900693
547,-0.8298682815,0.8111197324,-0.7656950039
548,-1.0017090028,-0.8298682815,0.7133115077
549,-0.0902607974,-1.0017090028,1.5357873356
550,-1.0958720605,-0.0902607974,-0.2340208684
551,-1.0401302457,-1.0958720605,1.2260448194
552,-0.3673133035,-1.0401302457,-0.4327402621
553,0.0145438430,-0.3673133035,1.1109582437
554,0.5934800598,0.0145438430,3.2387745417
555,1.2186363203,0.5934800598,2.6664235903
556,2.1467195953,1.2186363203,4.2576480173
557,1.4062616348,2.1467195953,2.8865586413
558,1.5997019327,1.4062616348,3.2964337961
559,1.6711458393,1.5997019327,3.8857268215
560,0.1704498600,1.6711458393,2.7557862911
561,-0.2714889086,0.1704498600,0.2653471440
562,0.4901966406,-0.2714889086,-0.8861223047
563,0.7332486169,0.4901966406,0.7122875280
564,1.2605061748,0.7332486169,0.5748510397
565,0.9889081483,1.2605061748,0.1456776457
566,0.7515753122,0.9889081483,0.3285982559
567,1.5269852731,0.7515753122,1.6174166467
568,-0.6926901790,1.5269852731,-1.0778673887
569,-2.1943915358,-0.6926901790,-1.1953601571
570,-1.7215906882,-2.1943915358,-1.3635281292
571,-1.1279042629,-1.7215906882,-0.0243292018
572,-0.2614332885,-1.1279042629,-0.0694368735
573,0.4378530181,-0.2614332885,0.6190291238
574,0.5292488080,0.4378530181,0.4066030983
575,-0.7239783694,0.5292488080,0.7327310299
576,-0.0818591906,-0.7239783694,2.0678209907
577,0.1250130114,-0.0818591906,2.1825253488
578,-0.8869604788,0.1250130114,0.1797554063
579,-2.3730153407,-0.8869604788,-1.8973833186
580,-2.3534576933,-2.3730153407,-1.0214523335
581,-1.2424444322,-2.3534576933,0.6898084170
582,-0.9959279996,-1.2424444322,1.0471998471
583,0.3077977231,-0.9959279996,1.7597237512
584,-0.1378980079,0.3077977231,0.8642280300
585,-0.8294789726,-0.1378980079,-0.6100633779
586,-1.2689158855,-0.8294789726,-0.0212624777
587,-0.9939909505,-1.2689158855,0.5403293178
588,-0.5491101185,-0.9939909505,1.8590311027
589,0.4191510983,-0.5491101185,2.9342366739
590,0.1974666970,0.4191510983,2.7640713435
591,-1.0170038612,0.1974666970,0.2974473041
592,-1.6206991698,-1.0170038612,-1.3811801269
593,-1.0771324402,-1.6206991698,0.7214437379
594,-1.0184670890,-1.0771324402,0.0095686083
595,-0.6758659546,-1.0184670890,1.3490956004
596,-1.1331721895,-0.6758659546,-1.6881118305
597,-1.3456527276,-1.1331721895,-0.8448283907
598,-1.5790186897,-1.3456527276,-1.8318170056
599,-1.8822852979,-1.5790186897,-1.2633665118
600,-1.3735299565,-1.8822852979,-3.5663938393
601,0.4926607093,-1.3735299565,-0.2516791657
602,0.3720029840,0.4926607093,-1.0140986976
603,0.4142210406,0.3720029840,-0.9393664594
604,-1.5351992937,0.4142210406,-3.8167678120
605,-0.7528114224,-1.5351992937,-0.0539988192
606,-0.8696343736,-0.7528114224,-0.8070198464
607,0.5651390166,-0.8696343736,1.1005232695
608,0.9382123333,0.5651390166,1.2479285716
609,2.1174416593,0.9382123333,3.4888359033
610,0.7457562442,2.1174416593,2.0262145903
611,1.2699807411,0.7457562442,4.1029778833
612,1.8849288661,1.2699807411,1.8479538226
613,1.1456282586,1.8849288661,-0.5045711174
614,2.0704914015,1.1456282586,1.5173096375
615,0.3418035371,2.0704914015,-1.9184721811
616,0.5268447601,0.3418035371,0.7026160496
617,0.0016506510,0.5268447601,-0.6923979870
618,0.8115383215,0.0016506510,3.3426925642
619,-1.2368802076,0.8115383215,-0.4323413220
620,-0.1356245176,-1.2368802076,0.3684679332
621,1.5301364980,-0.1356245176,1.9252344538
622,0.2437454579,1.5301364980,1.5273987218
623,1.1192274643,0.2437454579,3.0785196688
624,0.0756453490,1.1192274643,1.3129234303
625,0.9557696766,0.0756453490,1.8960951513
626,1.9031754604,0.9557696766,1.5651666884
627,0.4204938989,1.9031754604,-0.1639632583
628,1.9878974815,0.4204938989,4.5328170916
629,1.5358917179,1.9878974815,2.7986463235
630,1.3241260816,1.5358917179,1.6892910523
631,1.8657202434,1.3241260816,1.2421516545
632,2.4640484963,1.8657202434,2.9310980980
633,2.0802968474,2.4640484963,3.7651711776
634,2.3568321453,2.0802968474,4.7705976783
635,2.5920184540,2.3568321453,3.8841300334
636,1.0772743228,2.5920184540,0.8259177401
637,1.2076110697,1.0772743228,2.7880432190
638,1.2514622767,1.2076110697,1.5474394452
639,1.1044709265,1.2514622767,2.9768925579
640,1.6364611270,1.1044709265,1.5374545221
641,0.8859549462,1.6364611270,1.2752103001
642,-0.9301299899,0.8859549462,-1.5678056416
643,-0.0550995537,-0.9301299899,-0.2727868076
644,0.4077163437,-0.0550995537,1.7829711219
645,0.3969421004,0.4077163437,-0.3214737207
646,-0.0852707666,0.3969421004,-1.6701199979
647,2.1518694500,-0.0852707666,2.2482521459
648,1.8924897550,2.1518694500,2.2888947220
649,0.5800533918,1.8924897550,0.7533449583
650,0.8365475673,0.5800533918,2.8850942966
651,1.2411708583,0.8365475673,2.6544651226
652,-0.2838165151,1.2411708583,-1.4037765524
653,0.4725225826,-0.2838165151,0.6148304878
654,-1.5908027062,0.4725225826,-0.9182981446
655,-1.6092012173,-1.5908027062,-1.2712505289
656,-0.3835359559,-1.6092012173,-0.3399939671
657,0.8360928798,-0.3835359559,2.2633183389
658,1.1013321128,0.8360928798,4.3722597177
659,1.7139206496,1.1013321128,4.4764678789
660,0.6323263493,1.7139206496,2.5529584217
661,0.6506679975,0.6323263493,4.2063169516
662,1.2406165059,0.6506679975,4.3905659014
663,-0.6276866233,1.2406165059,2.3569035617
664,-0.1588540158,-0.6276866233,2.5244221080
665,0.5480343268,-0.1588540158,3.6702177506
666,1.5832024873,0.5480343268,3.9580959771
667,2.0935475624,1.5832024873,6.0353802121
668,2.7299294522,2.0935475624,6.1876001584
669,3.0782990188,2.7299294522,5.9081274113
670,1.6587499893,3.0782990188,5.5274365101
671,0.5048420515,1.6587499893,3.0926417958
672,-0.1025100465,0.5048420515,-0.3431481566
673,-1.2282479257,-0.1025100465,-1.9646589147
674,-0.1259726626,-1.2282479257,-0.6217684848
675,1.6168368215,-0.1259726626,2.1753406946
676,2.6325951739,1.6168368215,4.2493639188
677,2.3858083751,2.6325951739,2.9319779298
678,3.0055993277,2.3858083751,5.1415522010
679,2.5242539287,3.0055993277,4.2544979501
680,2.5489914644,2.5242539287,3.9442016364
681,3.2062881018,2.5489914644,5.1653238706
682,1.6151227069,3.2062881018,1.1626937852
683,0.7742848314,1.6151227069,0.8094927513
684,1.0854323772,0.7742848314,2.8194965128
685,3.7894137767,1.0854323772,4.5599310169
686,3.7177940045,3.7894137767,5.2832295222
687,3.8088782377,3.7177940045,5.0011764634
688,4.5095593897,3.8088782377,6.3391379789
689,3.2057581490,4.5095593897,3.0092191877
690,0.5674272307,3.2057581490,1.9007099588
691,-0.6008778033,0.5674272307,0.2842301154
692,-1.4150614293,-0.6008778033,-1.3865051523
693,0.6243775846,-1.4150614293,5.2302156234
694,0.2888778304,0.6243775846,0.2300865700
695,0.0172368356,0.2888778304,1.2370349434
696,-0.1951006075,0.0172368356,0.9301245745
697,-0.4006145454,-0.1951006075,2.1357729109
698,-0.4047332820,-0.4006145454,0.0453253500
699,-0.2819691181,-0.4047332820,1.2822780536
700,0.8883776084,-0.2819691181,2.7386549061
701,0.8634267651,0.8883776084,2.2926469639
702,-0.7536929113,0.8634267651,0.8480648971
703,0.1377886384,-0.7536929113,1.6369865513
704,0.5475641183,0.1377886384,1.2428525225
705,0.0318854707,0.5475641183,1.8739474466
706,0.1969053964,0.0318854707,0.6029527716
707,-0.5054077491,0.1969053964,0.7505561956
708,1.7407302282,-0.5054077491,2.4730692453
709,2.4419990167,1.7407302282,2.3700035947
710,2.1958304590,2.4419990167,4.0720020356
711,0.9119843707,2.1958304590,1.9279716741
712,1.3196915025,0.9119843707,1.6795962902
713,1.6240100000,1.3196915025,2.2690082804
714,1.3287932442,1.6240100000,2.5073342998
715,0.7685729620,1.3287932442,0.9681248364
716,2.5328161649,0.7685729620,3.7696574537
717,1.6501491690,2.5328161649,1.2076133222
718,2.2007741571,1.6501491690,1.1492710586
719,2.9409167608,2.2007741571,3.8704868051
720,1.2922755634,2.9409167608,2.2195757931
721,1.2427645494,1.2922755634,3.9223342241
722,1.9662139901,1.2427645494,6.3200444319
723,1.6304517559,1.9662139901,6.4970668390
724,-0.1148481997,1.6304517559,3.7617244312
725,0.5121905814,-0.1148481997,4.1831328874
726,2.3858574175,0.5121905814,5.0443833229
727,2.3860244324,2.3858574175,6.0989560435
728,2.2390687482,2.3860244324,5.5055960493
729,1.0765471245,2.2390687482,3.6325968718
730,0.7022348483,1.0765471245,2.1661795895
731,1.0267191289,0.7022348483,2.2260159916
732,-0.4402561710,1.0267191289,0.2914159044
733,-1.2291302724,-0.4402561710,-0.5286226581
734,-0.9125075555,-1.2291302724,-0.1700921990
735,-0.7351068020,-0.9125075555,0.3552800463
736,-0.4922134995,-0.7351068020,2.1547123759
737,-0.4417542691,-0.4922134995,2.0821463585
738,1.0036183626,-0.4417542691,3.6318305974
739,0.7002349225,1.0036183626,3.0621490942
740,0.5180967383,0.7002349225,3.6826757475
741,-0.3617223219,0.5180967383,3.5497610532
742,-1.0882751736,-0.3617223219,0.5961462540
743,-0.9717523826,-1.0882751736,0.2472500340
744,1.6785012057,-0.9717523826,3.8666969911
745,2.4298406486,1.6785012057,5.7963859548
746,0.7048535793,2.4298406486,3.6175682962
747,2.1049452690,0.7048535793,6.1617734314
748,1.7098268668,2.1049452690,3.9034758236
749,0.1612791963,1.7098268668,3.0377053213
750,0.4164227853,0.1612791963,4.1964474710
751,-0.5821254402,0.4164227853,1.2322525690
752,-1.0905509234,-0.5821254402,1.0144220095
753,-1.7947429667,-1.0905509234,1.3638991297
754,-1.5733835768,-1.7947429667,1.1500219319
755,-3.1870753986,-1.5733835768,-1.9061414688
756,-1.6071981660,-3.1870753986,0.7421979887
757,0.3309845353,-1.6071981660,1.8191313074
758,0.1202205677,0.3309845353,1.6553955912
759,0.1681342109,0.1202205677,2.8295588066
760,0.5676177053,0.1681342109,2.3297132582
761,0.2639616631,0.5676177053,2.5002957350
762,-0.0129465041,0.2639616631,1.6498020378
763,0.6736670095,-0.0129465041,0.5213789742
764,1.5541073580,0.6736670095,0.7356832713
765,0.8902033590,1.5541073580,0.6299266664
766,1.3996373409,0.8902033590,2.6251462951
767,1.4530497521,1.3996373409,3.6417554996
768,0.6075692491,1.4530497521,0.1687160758
769,0.4498250098,0.6075692491,1.5508569122
770,-1.4361332852,0.4498250098,-2.2822885531
771,-2.2146691633,-1.4361332852,-4.7294239904
772,-1.4778111278,-2.2146691633,-2.9571450163
773,-0.6271565944,-1.4778111278,-2.6755589369
774,0.5316728240,-0.6271565944,0.3147395191
775,1.8496783443,0.5316728240,1.9415506836
776,0.4350340130,1.8496783443,-0.8797065577
777,0.6501708206,0.4350340130,-0.0345156634
778,-1.0309851227,0.6501708206,-0.5495649742
779,-0.8855356601,-1.0309851227,0.2165218879
780,-1.2588776263,-0.8855356601,0.2085088516
781,-0.5850332138,-1.2588776263,-0.0830255037
782,-0.5832911551,-0.5850332138,-0.9677993724
783,-0.4240979171,-0.5832911551,0.9746696817
784,-0.8830975158,-0.4240979171,1.0719383286
785,-0.7188663046,-0.8830975158,0.4792512680
786,0.6833604303,-0.7188663046,1.2094588290
787,1.3008095912,0.6833604303,2.6601303157
788,1.0738731516,1.3008095912,2.6220455664
789,-0.7071043414,1.0738731516,-1.4818053523
790,-2.2517456409,-0.7071043414,-1.4990901615
791,-1.8470063195,-2.2517456409,-0.3641795400
792,-1.1380513457,-1.8470063195,-0.7765338361
793,-0.3533512216,-1.1380513457,1.8077830821
794,-0.0515468155,-0.3533512216,1.4922117934
795,-0.7675754605,-0.0515468155,0.8784313120
796,-2.2398198451,-0.7675754605,-2.2996065758
797,-1.0061240671,-2.2398198451,-0.8889114596
798,-0.2610986524,-1.0061240671,-0.2607695859
799,0.9365983968,-0.2610986524,1.7264109460
800,-0.8211219247,0.9365983968,-0.2397576504
801,-0.0509150675,-0.8211219247,0.7468887287
802,0.6218149908,-0.0509150675,1.9441679947
803,-0.5289161959,0.6218149908,-1.1293997326
804,-1.3631409685,-0.5289161959,-1.2616138777
805,-2.0914896844,-1.3631409685,-2.6925798579
806,-2.4538934244,-2.0914896844,-3.2414273073
807,-2.0733257227,-2.4538934244,-2.1888880002
808,-2.0395541446,-2.0733257227,-2.1915078657
809,-0.3648268166,-2.0395541446,0.5342150636
810,0.0870889248,-0.3648268166,1.5627315581
811,-0.5137525421,0.0870889248,-1.3157519182
812,-0.2052123069,-0.5137525421,0.9749417364
813,-0.8574052868,-0.2052123069,-0.8565230204
814,-2.8152495424,-0.8574052868,-2.5382564493
815,-1.9570931351,-2.8152495424,-1.3268463307
816,-2.1128313166,-1.9570931351,-1.3868745876
817,-0.5076118372,-2.1128313166,-0.5779633216
818,-0.5050215245,-0.5076118372,-1.4546681221
819,0.9113259103,-0.5050215245,0.0990507166
820,1.5196741646,0.9113259103,0.6464781761
821,-0.2344001314,1.5196741646,-0.6923010334
822,1.4130390791,-0.2344001314,2.1058548299
823,0.7395616501,1.4130390791,0.5372510309
824,0.5449995822,0.7395616501,1.9065537099
825,-0.6412836102,0.5449995822,-0.1489610276
826,-1.0515993615,-0.6412836102,-1.0255201775
827,1.6832682096,-1.0515993615,3.1429604479
828,1.5048448011,1.6832682096,0.6124376631
829,-2.2116686317,1.5048448011,-2.1589485783
830,-0.0732134583,-2.2116686317,1.8641347529
831,0.1466765336,-0.0732134583,1.0899865439
832,-0.4833312865,0.1466765336,2.3649536863
833,0.2503588849,-0.4833312865,1.8184409107
834,0.5606063637,0.2503588849,0.3678716231
835,-0.1900510146,0.5606063637,1.5832076802
836,1.3408615712,-0.1900510146,2.9139676653
837,1.6178122178,1.3408615712,3.5402171834
838,2.3846925831,1.6178122178,4.3426058409
839,2.1246317869,2.3846925831,3.1691932979
840,1.6697898586,2.1246317869,3.6926423628
841,1.5072259253,1.6697898586,1.8610403543
842,0.2588604112,1.5072259253,1.9792188986
843,-0.6230159136,0.2588604112,0.0977447087
844,0.3599986486,-0.6230159136,2.1508176243
845,0.1990515246,0.3599986486,2.0821258055
846,0.7188341778,0.1990515246,2.9803784858
847,0.5607084356,0.7188341778,2.5104064566
848,0.0005601500,0.5607084356,3.0555564886
849,1.0211622554,0.0005601500,3.6701458786
850,0.2534558083,1.0211622554,1.9541942424
851,-0.7111989051,0.2534558083,1.4781429240
852,-0.5956524037,-0.7111989051,0.5004406073
853,0.5259721584,-0.5956524037,0.8696187566
854,1.4081895682,0.5259721584,0.2842567543
855,0.0518449442,1.4081895682,-0.0033064098
856,-0.9875645706,0.0518449442,-1.3082562410
857,-1.3422780065,-0.9875645706,0.2196522568
858,-2.0886682398,-1.3422780065,-1.6515143191
859,-1.7322598762,-2.0886682398,-0.0481024476
860,-0.5970964048,-1.7322598762,0.5195204013
861,-0.8339326893,-0.5970964048,-0.2687904472
862,-2.4268720315,-0.8339326893,-1.5717568342
863,-3.7680519864,-2.4268720315,-3.4348333070
864,-4.6619156566,-3.7680519864,-4.0505501670
865,-4.2661448605,-4.6619156566,-4.6173283836
866,-3.0321640648,-4.2661448605,-4.2607970734
867,-4.0691062356,-3.0321640648,-3.2657312730
868,-2.9882632504,-4.0691062356,-2.3002980183
869,-1.8642012140,-2.9882632504,-2.1828255976
870,0.8208963117,-1.8642012140,1.2515095269
871,-0.5022878361,0.8208963117,-1.1043061644
872,-0.4021513133,-0.5022878361,0.0902660004
873,0.2956471301,-0.4021513133,-0.2164618367
874,0.5935098533,0.2956471301,0.8805036217
875,1.2488920477,0.5935098533,1.8741313978
876,1.3215758069,1.2488920477,2.5043669126
877,1.7475093370,1.3215758069,2.8198957711
878,1.2174012387,1.7475093370,2.1324002593
879,0.8525963071,1.2174012387,2.8726997676
880,-1.0338023643,0.8525963071,2.1069975538
881,1.1029625487,-1.0338023643,4.4009461159
882,-0.4826234311,1.1029625487,2.2541413085
883,-0.2858471932,-0.4826234311,3.0037596026
884,-0.1060935471,-0.2858471932,1.9546590762
885,-0.9404166649,-0.1060935471,3.1148865446
886,-2.3509970922,-0.9404166649,-0.9425799984
887,-1.6661802493,-2.3509970922,-1.8880908843
888,-2.9995967465,-1.6661802493,-2.9942680472
889,-1.3705973743,-2.9995967465,-1.3651157857
890,1.5264509031,-1.3705973743,1.2515661571
891,2.5558763653,1.5264509031,1.1169978512
892,-0.5227688371,2.5558763653,-1.3714582327
893,-0.0078314272,-0.5227688371,-0.4802860802
894,0.0592285086,-0.0078314272,-0.6611253463
895,-0.1484515041,0.0592285086,-1.6047241369
896,0.7372310448,-0.1484515041,1.5148387712
897,0.1165521056,0.7372310448,-0.5318575962
898,0.6360923746,0.1165521056,0.7053533939
899,-0.1415286592,0.6360923746,-0.5452730538
900,-1.1091148865,-0.1415286592,-1.5771338148
901,-0.3059633979,-1.1091148865,-0.1335535875
902,0.8177921527,-0.3059633979,0.2406166719
903,0.0891019740,0.8177921527,1.1861633713
904,1.6556050051,0.0891019740,2.8087824105
905,1.1741903157,1.6556050051,0.8207835895
906,0.0726538229,1.1741903157,0.9744743020
907,-0.6459703740,0.0726538229,1.2258817673
908,-1.1110623019,-0.6459703740,-0.8737985847
909,-0.1693455989,-1.1110623019,-0.8068449264
910,0.6257108612,-0.1693455989,0.1981274543
911,0.6060102561,0.6257108612,0.1340010550
912,1.8571680281,0.6060102561,2.3897810626
913,0.6184774327,1.8571680281,-0.4219480385
914,0.9700545952,0.6184774327,2.1941423500
915,1.0902877912,0.9700545952,2.2460722616
916,-1.2214632369,1.0902877912,-2.2199106512
917,-0.6227045946,-1.2214632369,-0.0508797377
918,-0.9308599007,-0.6227045946,-1.5704460154
919,0.8036107616,-0.9308599007,0.5466180094
920,0.2206351319,0.8036107616,-1.1624293350
921,1.5542515150,0.2206351319,3.1058913869
922,1.8068238645,1.5542515150,3.0954628711
923,0.0232322475,1.8068238645,0.4982231408
924,1.1918327304,0.0232322475,1.8907514958
925,1.6873812276,1.1918327304,0.4946322202
926,1.7669429524,1.6873812276,4.4371762255
927,1.3176383162,1.7669429524,1.6714209308
928,2.9676235306,1.3176383162,5.8650407587
929,2.1736691062,2.9676235306,3.9643992046
930,2.9686213899,2.1736691062,4.5562860743
931,3.0722478948,2.9686213899,5.2796515616
932,2.3918787852,3.0722478948,3.7338178885
933,1.2856422274,2.3918787852,2.5869273516
934,1.4820646165,1.2856422274,3.9719001960
935,1.2215539715,1.4820646165,1.9829313876
936,-0.0763045426,1.2215539715,2.5672089266
937,0.4423345181,-0.0763045426,0.4303377114
938,1.0119829925,0.4423345181,2.8978227864
939,0.9948741796,1.0119829925,1.9173973213
940,-0.8036419173,0.9948741796,-0.8302453958
941,0.0440078368,-0.8036419173,-0.7127164886
942,-0.1569429444,0.0440078368,-1.3174575896
943,0.8048374909,-0.1569429444,0.7103016601
944,0.4184131474,0.8048374909,-0.8306338722
945,-0.2079666781,0.4184131474,-0.5915714314
946,-0.2146147412,-0.2079666781,0.6730296265
947,-0.1620392403,-0.2146147412,-0.2334304390
948,2.0771211629,-0.1620392403,3.0327213184
949,0.7360952357,2.0771211629,-0.1559675117
950,-0.8244511813,0.7360952357,-0.9179551564
951,-0.7586661260,-0.8244511813,0.4043776898
952,-0.6251635359,-0.7586661260,-1.6246042998
953,-2.2652191853,-0.6251635359,-3.7841478066
954,-3.4491428765,-2.2652191853,-3.6516861764
955,-3.6197336002,-3.4491428765,-2.5545007793
956,-3.1428950446,-3.6197336002,-2.0555478726
957,-2.8113644665,-3.1428950446,-1.3906443605
958,-1.4271894738,-2.8113644665,-0.6400860271
959,-1.1740049533,-1.4271894738,-1.3918659236
960,-1.6946982859,-1.1740049533,-1.0349994227
961,-1.4431419918,-1.6946982859,-1.9510769675
962,-0.8811876854,-1.4431419918,-0.6109431268
963,-0.1257403408,-0.8811876854,-0.6961511616
964,-2.9237181185,-0.1257403408,-3.1513141963
965,-2.3110812664,-2.9237181185,-2.1867962870
966,-1.5684209392,-2.3110812664,-3.3671531570
967,0.1470231435,-1.5684209392,-0.1000521974
968,-0.2522322331,0.1470231435,-0.8003458619
969,-0.0907744326,-0.2522322331,-0.6538130274
970,-1.6768052202,-0.0907744326,-2.7321050175
971,-0.5735193720,-1.6768052202,-1.2023479555
972,0.5192553814,-0.5735193720,-1.9265197580
973,-0.4660183692,0.5192553814,-1.3863352672
974,-0.2973144304,-0.4660183692,-0.6446997696
975,-0.7238069082,-0.2973144304,0.8341284746
976,0.4584720250,-0.7238069082,3.4202794840
977,0.1070046529,0.4584720250,2.2365801733
978,0.2595070975,0.1070046529,-0.1993569230
979,0.4232285159,0.2595070975,0.0932680494
980,-0.0157638233,0.4232285159,0.3964303956
981,0.1900791072,-0.0157638233,-0.3231793206
982,1.7546676710,0.1900791072,3.1539787121
983,1.3976771474,1.7546676710,2.4882092705
984,0.3758389102,1.3976771474,1.4185651133
985,1.4554926807,0.3758389102,2.0339675089
986,3.0529440431,1.4554926807,4.7518335152
987,3.3935435601,3.0529440431,5.0096672933
988,2.7726665716,3.3935435601,2.7112800250
989,2.2126263327,2.7726665716,3.6935601372
990,2.4202311759,2.2126263327,2.3406240143
991,2.9842534118,2.4202311759,3.7350137763
992,5.2693654262,2.9842534118,8.6771903230
993,6.5921920899,5.2693654262,7.9159247071
994,4.2695139237,6.5921920899,7.0273023238
995,4.2423249962,4.2695139237,5.0293647535
996,4.8597971755,4.2423249962,4.9572484150
997,4.6046962702,4.8597971755,3.8362011600
998,3.6448130986,4.6046962702,2.8711691774
999,2.2982409329,3.6448130986,0.9290962812
1000,2.5041181654,2.2982409329,2.8946897937
1001,2.7354224981,2.5041181654,4.3260620610
1002,2.5623834534,2.7354224981,3.2639541354
1003,1.1934896268,2.5623834534,0.8633903466
1004,-0.9192115084,1.1934896268,-1.1509636017
1005,0.9640890180,-0.9192115084,1.2880728181
1006,-0.1701629048,0.9640890180,-1.9153561394
1007,-0.2822511980,-0.1701629048,-1.1316961226
1008,-1.5601265458,-0.2822511980,-2.8509131853
1009,-0.2829939421,-1.5601265458,-0.2989699891
1010,-0.6700780870,-0.2829939421,0.5215861913
1011,-0.4409137425,-0.6700780870,0.2496486190
1012,2.1853837648,-0.4409137425,3.5031215171
1013,2.8136461210,2.1853837648,4.4960910759
1014,2.6234196667,2.8136461210,6.0597187682
1015,0.3423886120,2.6234196667,2.3434471841
1016,1.2718131544,0.3423886120,3.0824800586
1017,2.0258280810,1.2718131544,3.8499108523
1018,2.8080633536,2.0258280810,5.4342845345
1019,2.5947827180,2.8080633536,4.8943226448
1020,0.8328853465,2.5947827180,3.7132342459
1021,0.1448325055,0.8328853465,2.2009051157
1022,1.1440863916,0.1448325055,3.1072981424
1023,1.8256207007,1.1440863916,2.7212410027
1024,2.1239264261,1.8256207007,3.3381908051
1025,4.0319444937,2.1239264261,5.1445748556
1026,4.3831009837,4.0319444937,5.1972851271
1027,3.7941025930,4.3831009837,3.4354476589
1028,3.3672471111,3.7941025930,3.8234330754
1029,1.0218776490,3.3672471111,1.0117801316
1030,0.3377936800,1.0218776490,0.5766056720
1031,1.3008282324,0.3377936800,1.7381380998
1032,-0.6450520499,1.3008282324,-1.1945833093
1033,-0.1313334329,-0.6450520499,0.6163884699
1034,0.9017602044,-0.1313334329,1.7124823703
1035,0.4664887183,0.9017602044,0.0657326070
1036,1.0279229507,0.4664887183,1.9897239855
1037,-0.0886675000,1.0279229507,-0.1906383951
1038,1.7357550104,-0.0886675000,2.7828534258
1039,1.0636542085,1.7357550104,2.0848666121
1040,-1.3701220714,1.0636542085,-1.9010519340
1041,-0.6133835043,-1.3701220714,-1.6021462997
1042,-0.9339963134,-0.6133835043,-0.9724845014
1043,0.9529728571,-0.9339963134,1.3801623867
1044,1.5071115950,0.9529728571,3.7531510326
1045,0.8727304416,1.5071115950,2.5661323371
1046,2.3016961965,0.8727304416,4.1239390012
1047,1.5313030634,2.3016961965,3.4465713504
1048,-0.0681281224,1.5313030634,1.7431773140
1049,1.1003761527,-0.0681281224,3.0855257841
1050,2.3161754454,1.1003761527,5.9892711963
1051,1.6013844062,2.3161754454,4.5240039970
1052,2.2958621217,1.6013844062,4.8968399395
1053,3.6761394420,2.2958621217,5.4408627098
1054,2.2745259250,3.6761394420,4.3049834519
1055,-1.2527442380,2.2745259250,0.5662814560
1056,-0.4419137542,-1.2527442380,1.9513373416
1057,-0.6158631057,-0.4419137542,1.3271658234
1058,0.4419401827,-0.6158631057,3.0106458461
1059,0.5584581202,0.4419401827,3.7248492358
1060,0.0126034635,0.5584581202,4.5673191348
1061,-1.0279627541,0.0126034635,0.5343022115
1062,-2.0185148461,-1.0279627541,-0.9421790839
1063,-2.1961139301,-2.0185148461,-1.6743964080
1064,-2.7226794621,-2.1961139301,-1.7409338339
1065,-1.3928449620,-2.7226794621,0.4287155771
1066,-0.4218166495,-1.3928449620,2.8362278859
1067,-0.9824913872,-0.4218166495,0.5678138914
1068,0.4186485819,-0.9824913872,2.2342741771
1069,-0.0415875620,0.4186485819,1.2468751682
1070,-0.5483708208,-0.0415875620,0.8718029752
1071,0.4336326786,-0.5483708208,0.9163404958
1072,0.6157171112,0.4336326786,1.6911549320
1073,-0.1021166687,0.6157171112,1.2008426179
1074,0.7540099531,-0.1021166687,1.5973651950
1075,2.2806799529,0.7540099531,3.0371728331
1076,0.4981865587,2.2806799529,2.5636357789
1077,0.1215068614,0.4981865587,0.2036605107
1078,-2.0302229063,0.1215068614,-1.2780794515
1079,-1.7402895414,-2.0302229063,0.2909323879
1080,1.0877127495,-1.7402895414,3.6460749499
1081,1.1105691177,1.0877127495,3.2898243011
1082,0.7309743815,1.1105691177,3.2322985207
1083,0.7502487409,0.7309743815,2.6652863138
1084,-0.4032877270,0.7502487409,1.6096669479
1085,-0.1550496954,-0.4032877270,2.5243320768
1086,-0.4962165242,-0.1550496954,2.7868746830
1087,-1.1885019917,-0.4962165242,0.1816621208
1088,-0.0740581802,-1.1885019917,-0.5231727317
1089,-0.2925908164,-0.0740581802,-0.8675676931
1090,0.0139837974,-0.2925908164,-0.9238238544
1091,-0.6590450417,0.0139837974,-1.0295923868
1092,-0.3737786450,-0.6590450417,-0.5821042692
1093,0.2763996403,-0.3737786450,0.3313519395
1094,0.1756536066,0.2763996403,1.6262677013
1095,1.7147352206,0.1756536066,2.1093472397
1096,1.3329642768,1.7147352206,2.1088685546
1097,1.4580796177,1.3329642768,2.3937978374
1098,1.0621845090,1.4580796177,1.3962083384
1099,1.8372919866,1.0621845090,2.0795478862
1100,0.8800986793,1.8372919866,0.4149785647
1101,-0.2989275569,0.8800986793,0.2681444473
1102,-0.1863621103,-0.2989275569,0.5442594218
1103,-0.4921899355,-0.1863621103,0.9451288092
1104,-1.0327920821,-0.4921899355,2.2480392876
1105,0.7646768567,-1.0327920821,3.9846224153
1106,0.3321144888,0.7646768567,2.3059546752
1107,0.5363040526,0.3321144888,2.8932624875
1108,-0.8205910473,0.5363040526,0.0610408784
1109,-1.5144000508,-0.8205910473,-1.2164232600
1110,-1.4612451818,-1.5144000508,-1.2058615329
1111,0.3496560319,-1.4612451818,1.4361416074
1112,-0.1254340470,0.3496560319,-0.6691483540
1113,0.1637151567,-0.1254340470,0.3160923045
1114,-1.8512453425,0.1637151567,-4.2107965943
1115,-2.1095122156,-1.8512453425,-3.9696807683
1116,-1.9315343397,-2.1095122156,-1.7847765202
1117,-0.6914026712,-1.9315343397,-0.0558964835
1118,-0.0307854932,-0.6914026712,2.7806522663
1119,-1.6518901989,-0.0307854932,-0.2217148772
1120,-0.3209073059,-1.6518901989,2.3484830093
1121,0.4226689349,-0.3209073059,2.9981148375
1122,1.1431819206,0.4226689349,2.4626075500
1123,-0.2393200086,1.1431819206,0.8154685097
1124,1.5206541508,-0.2393200086,4.1689968738
1125,-0.6582676607,1.5206541508,-0.3020887207
1126,-0.6025645052,-0.6582676607,1.0268217193
1127,-0.4886181477,-0.6025645052,2.7568634825
1128,0.1475137583,-0.4886181477,2.2022730852
1129,0.3032345373,0.1475137583,1.6722787862
1130,-0.3505770302,0.3032345373,1.1646502411
1131,1.3405172980,-0.3505770302,3.0372916193
1132,-0.8925000761,1.3405172980,2.0776134912
1133,-1.4446363311,-0.8925000761,-0.4563657048
1134,-1.5925111672,-1.4446363311,-1.1237800112
1135,-0.2432332555,-1.5925111672,1.8475408432
1136,0.1351686304,-0.2432332555,1.0661338703
1137,-1.6239220017,0.1351686304,-0.9553882997
1138,0.8958260379,-1.6239220017,4.4783795156
1139,0.6094180754,0.8958260379,1.0317808986
1140,1.7239190716,0.6094180754,3.7327330126
1141,3.4456410621,1.7239190716,5.5189658059
1142,2.3571206076,3.4456410621,3.2237991122
1143,2.2314712182,2.3571206076,3.1263065222
1144,0.2635150122,2.2314712182,0.9190556395
1145,-0.4954040940,0.2635150122,1.4719395256
1146,1.1960244048,-0.4954040940,2.4329100471
1147,0.7032301121,1.1960244048,-0.0103113238
1148,1.5559882043,0.7032301121,1.8188309923
1149,1.2439819707,1.5559882043,0.6316225251
1150,1.7293391217,1.2439819707,3.2366080950
1151,2.0687321586,1.7293391217,3.9792346931
1152,3.7825142839,2.0687321586,7.0158909104
1153,3.6331310012,3.7825142839,5.1201356960
1154,3.1035542942,3.6331310012,4.0722726757
1155,3.0995213264,3.1035542942,5.9332558715
1156,1.8941023844,3.0995213264,3.8915639604
1157,0.4704162775,1.8941023844,2.6888965680
1158,-2.1585421246,0.4704162775,0.2717450284
1159,-1.0165875004,-2.1585421246,0.9835631151
1160,-0.5345505831,-1.0165875004,2.0697143554
1161,-0.7622825348,-0.5345505831,-0.1987444772
1162,0.3372778535,-0.7622825348,-0.4950852082
1163,0.6817108569,0.3372778535,-0.6217502815
1164,0.2564876359,0.6817108569,0.4869020992
1165,0.9637226791,0.2564876359,1.7474953999
1166,1.3920085913,0.9637226791,-0.6727400058
1167,1.9187177556,1.3920085913,2.3777222150
1168,2.7349979588,1.9187177556,2.1609045063
1169,2.6098015364,2.7349979588,1.7389458142
1170,2.8479574294,2.6098015364,4.1061436759
1171,2.2285730374,2.8479574294,3.0862318771
1172,0.8364080835,2.2285730374,2.8330884490
1173,0.5102007736,0.8364080835,-0.2320171331
1174,0.4744914708,0.5102007736,0.6919557910
1175,-0.5868185698,0.4744914708,-2.0647007762
1176,-0.5045350971,-0.5868185698,-0.2489219953
1177,-0.0780451987,-0.5045350971,-0.1114515085
1178,-0.9613511183,-0.0780451987,-0.4553980529
1179,-0.8623881428,-0.9613511183,1.7664183928
1180,-0.4573748267,-0.8623881428,1.9076886062
1181,-0.3971668446,-0.4573748267,1.6845816154
1182,0.9604181467,-0.3971668446,4.0560264479
1183,-0.2814268279,0.9604181467,2.1637472892
1184,1.9727803239,-0.2814268279,5.5435553439
1185,1.1281407107,1.9727803239,4.4072813709
1186,2.6676394038,1.1281407107,7.7079057236
1187,2.2772977213,2.6676394038,4.8041218536
1188,3.7882021978,2.2772977213,7.7506868437
1189,3.0019123454,3.7882021978,5.7354008536
1190,2.1508559004,3.0019123454,4.6843983455
1191,0.5137210890,2.1508559004,1.9831672814
1192,-0.1428174221,0.5137210890,1.0485076247
1193,0.6328957394,-0.1428174221,1.0643004701
1194,0.6757939588,0.6328957394,2.2177168150
1195,0.7682402794,0.6757939588,1.5531848113
1196,0.5996184415,0.7682402794,1.6799207273
1197,0.4832939112,0.5996184415,1.5583521475
1198,1.0900439756,0.4832939112,2.3052483047
1199,1.0275526111,1.0900439756,2.5438526830
