x1,x2,y
-2.2249595831569646,1.0114957541579386,0
-1.028423714928075,-1.1565669321579763,0
-1.9714638735502528,1.1351557783272455,0
-0.07193174931461743,2.703159168701628,1
-1.9478319954052978,1.2499217129602183,0
-2.6785188265208655,0.8400789824404437,0
-2.0914413231764364,-2.028047075881549,0
1.6152770112184793,-2.8186459543187725,1
-1.0682098860422302,1.8454671736032005,0
0.018986415802892065,3.147676678353459,1
0.98228674368234,1.8991501404226825,1
-1.904341557140428,-1.8345916392576316,0
-1.8326876696138221,1.4472584015900292,0
0.7148399618660053,-1.2107744737072492,1
-0.845014080159528,1.875577777090687,0
-3.6379836116745428,0.18241033943647156,0
0.26712796406533146,-1.2076711468631385,1
-2.2798223230446055,0.9538451599995288,0
0.05947827513051185,0.5307784571956868,1
2.0375561119154697,0.7061639834990007,1
2.806036407618824,-1.7477993326804024,1
2.705892646884495,0.4126439407886211,1
-0.8662832097392645,-0.9843870114392345,0
0.0065387477490541634,-0.23118488979408358,0
-0.7932161299214218,-0.969374599875076,0
1.3630422186343736,-2.137346858816628,1
2.278136454698844,-0.9156297996050808,1
-1.5297001124565508,1.4695480884405616,0
-2.0130216392390157,1.1006689434449501,0
2.338572476671391,-2.281747327445644,1
1.7280993812837875,-1.1406340506044605,1
-0.4642912141728057,-0.6643063575233198,0
-0.7977266659153354,-0.8396972869800396,0
-1.4994646210078815,1.463717038688706,0
2.0287093973730714,-2.3190325539919856,1
-1.4018001938981883,1.546820815778567,0
-3.1883164011130987,-2.815416864427805,0
-1.2055914970285402,-1.2824898648295655,0
-1.0286393959198905,-1.1782862732724784,0
-0.8621283013457038,1.956669169397063,0
2.01322974125479,0.9403970946607405,1
-1.194377107496927,1.6543472697748405,0
2.287303372754536,-3.0022242642159007,1
-0.25923074207747354,-0.594430592254098,0
0.855582494601051,-0.6356806384113974,1
3.8924718372347824,-0.5050280695091858,1
-0.4800459970347781,2.0972106044579264,0
-2.3036417566988963,0.8964489861575654,0
-2.2766954239939694,1.0193782950969932,0
-1.1767718137311274,-1.300254996504465,0
2.3876631611443497,0.8466221210979119,1
-1.6019538537380325,1.4757818506159437,0
-2.1979235174909317,1.1562781865963627,0
2.9026341511973794,0.09522456980557603,1
-2.3487824394675063,-2.1499750203274477,0
-1.5891112663275695,1.3965732268032964,0
1.2080938974036446,1.8954121697282418,1
-0.8255445929103397,-1.049244987155401,0
0.5568222868198657,-0.372243401803082,1
0.14427006058194114,2.917355856366396,1
-1.94992994458645,-1.8680590812528592,0
1.1031439703819854,1.3700169372700919,1
1.415208980663962,-0.6845354352448602,1
1.1765956133714324,-0.14530176242935222,1
-1.48425427506733,1.4926655784160046,0
-3.013665036356656,0.5784489711226302,0
1.5139777675151236,1.7781239197443144,1
-1.9213774957000374,-1.9327258514660584,0
-1.3896576423663518,1.5428820930811549,0
1.6937137712771633,-1.2052664350046896,1
2.7473752290114213,0.3792846148235467,1
2.2815250210760767,-1.873444579582277,1
1.6879393801704197,1.8405229683490063,1
1.624091039060355,-1.1486558448184532,1
-1.7942562766489596,-1.6385698380596743,0
-1.853017385800275,1.2213906983560618,0
1.9345063257133497,1.1876398024193326,1
-0.5692191128308997,-0.7406863385086973,0
-0.6264501584728185,1.9472556558446585,0
-1.6458971467715597,1.3183158133270267,0
-2.2556271841376434,1.025989139626039,0
1.3094809233146487,-0.5239441416171207,1
-1.6472946255053775,1.4672585023844396,0
-0.36802148467644136,-0.5062956088942095,0
1.51020515902709,-0.9642400259483379,1
-2.8725241774530046,0.6024327684348372,0
1.4792557634301322,1.414791534730395,1
-3.155458393788477,0.4080619449311089,0
2.235033511177079,-2.160165192514521,1
-0.9432760926590923,1.84313693533356,0
-2.3701411369552634,0.9410653798606231,0
-1.1015218325270004,1.6737421737914822,0
2.8452419649139937,-3.7190332971608977,1
2.666157068041483,0.4802117695588193,1
-1.5602608811750573,-1.4909926839705603,0
0.5793604704854486,-0.35772467294778587,1
-1.3258232602378057,-1.3188903439000539,0
-2.8828341074072847,-2.6242664933245132,0
-2.183748741919527,-1.9822927027970492,0
1.0308856675909421,2.045244160696189,1
2.635842779075919,0.09853450406860342,1
-1.8748361172296497,1.2511542559905546,0
-2.4998054384975115,-2.2095821493748997,0
1.653722453015625,-2.1996533069578894,1
1.9511780345686027,-2.6098989398741126,1
-0.6888611704002013,-0.7930332505610646,0
1.960601523967799,-1.831359757889182,1
1.7132243633865003,-1.0610852544415093,1
-2.393339795246054,-2.1033531589353256,0
3.13794460168335,0.3846027419990694,1
-0.7120539307612543,-0.8829209914395044,0
2.8168127745022615,-2.9738428959605643,1
-0.4538316485495575,-0.6561715197140718,0
-2.5996816359432215,0.7478528676988526,0
-2.779904495624656,-2.611514757781431,0
2.671891909348113,1.1344108036717557,1
-0.717030813945582,2.0278140144752617,0
-1.1454316491338914,-1.1801460498150391,0
1.85201254307951,0.6894381820263877,1
-1.9068142580396232,1.3714975712570354,0
-1.0823332432973984,-1.1548761142852872,0
-0.13281251424999474,-0.46563498034266493,0
-1.915326735073951,-1.8206008724928373,0
2.183592584620617,0.8414968247485428,1
1.460007598846696,-1.22400166228027,1
0.1172394129320673,-1.1082355053865944,1
0.8080153947446029,2.022346470639672,1
-0.9504736337079205,-0.9957791191093082,0
-1.7351476029307344,1.325402914680163,0
-1.0595725026801666,-1.292591595539789,0
-0.7375076844742143,-0.8702585061960197,0
-1.9551549935728392,-1.79580153656199,0
0.44500979174517274,2.6013316601307443,0
1.6509170791461163,0.9627203436215657,1
-1.4948475434697206,1.4216657764844287,0
1.5106240768621297,1.4304557537039209,1
-2.7289969800811464,-2.563585058462068,0
1.663445689769651,1.3102884081781774,1
2.287156896837857,0.4825729892875159,1
1.9432363385641345,1.0026785473711577,1
1.9508061023045151,1.3636359343567497,1
2.882519660281395,0.5114219786226767,1
-1.324549613800724,1.6121162691408322,0
0.9766531912968864,2.416204606600044,1
-1.3832963626974484,-1.5151607536349687,0
2.367130034503066,0.4225415591917878,1
2.0764646495767036,1.0063832320793575,1
1.2618307200455294,1.8307118085695224,1
-1.7867217119246823,-1.7036502474470399,0
0.2614640034078859,2.467202810662366,1
1.4008405013518854,-2.2806373818932837,1
-1.9261087914833828,-1.7796314073319168,0
-1.440148520462945,1.5210120505425357,0
-1.067792557252324,-1.0992332671448237,0
-1.930807257274902,-1.93154103973287,0
-1.4778452432293605,-1.5100334559922262,0
0.6473635775983657,2.0576794787872665,1
-0.23699454367416029,2.3387642801945203,0
3.0949467108930238,0.17555145070199196,1
-0.4041313135823179,-0.637038437992114,0
-1.582536391087258,-1.6702936455427162,0
2.3307347123377613,0.89039324428379,1
-0.7419501804704262,2.074232748709855,0
1.9531142438386175,-3.501323293774174,1
-2.290871536016151,0.9680785692928313,0
0.4994612849696427,-1.9042611873624788,1
1.4163223720135962,1.233060752941218,1
2.0279430550267,-1.1589166313748085,1
-1.6171877388957503,-1.542473180631539,0
-0.9100437232609899,-1.112034677292472,0
-0.6536509410007333,-0.8388627344398293,1
1.055994657175144,-1.7091590380624206,1
1.3507963492743247,1.478274311893535,1
1.4459337939932142,1.3626982577121631,1
-1.2981438053795276,-1.3556377792513428,0
0.6864067956367161,-0.5782877109259343,1
1.683304503940913,1.6320764711805622,1
3.3875747537079253,-0.2697650730308474,1
1.5023071885566828,-2.5018504056857713,1
-1.223344163365431,-1.2897928991060639,0
2.096394148314042,-2.6477264030703043,1
2.3931489301291418,0.5788198608131838,1
2.781445428141228,-1.8766707244125993,1
1.2338925258054885,1.5823768648052148,1
0.6218800669898507,0.5593714203200659,1
-1.9646615735673656,1.2475148226356618,0
1.8136919981284094,-1.3817160533061734,1
2.527607362958088,0.41716413498352023,1
1.8930969851746609,-3.113270726882727,1
0.8501354974804595,-0.9235849570291822,1
-1.0504201749820434,1.7246408104023283,0
-0.272983805991464,3.2300495287374003,1
3.1996824147307157,-1.7491019904372482,1
3.436695106330549,-4.41324290176804,1
2.5344242789933418,-2.665298717879149,1
-2.481451184183412,-2.182971941914882,0
1.0351099347542712,1.9292774988843935,1
1.400608216888958,-0.583861200810244,1
0.7568299544008078,-1.0991280704116055,1
-2.0132600884258878,-1.9443463658028763,0
1.521370078254405,-0.8988445133880627,1
-2.8251983577391844,0.6435338421875201,0
0.39257625661621276,2.577949491444807,0
1.943740536587404,1.5231724234389579,1
1.348152551214622,1.3713882673756943,1
1.0950412981785544,1.5393692587385823,1
-0.869077024770729,-1.0076406020783963,0
-1.3826771383105787,-1.4595025323265642,0
0.6791539895304809,2.150693539399021,1
2.8733207698295216,-3.4097991920842667,1
1.6474377326110659,-2.0736630221479597,1
0.9642066419257731,-0.06947908330569263,1
2.5806624263557216,0.3194464204135521,1
-2.8025667596238386,0.6420160233574966,0
-0.2867158039274167,-0.5285941293994944,0
1.2330329464984304,1.3099676967929705,1
-0.6246031138309437,-0.8272935621075066,0
-3.249552409174316,0.3682514911418835,0
2.4961919921059446,0.2048130070726728,1
1.4963622441989475,-0.8007206642423358,1
1.663104407766703,1.3144507260831062,1
0.805847224303887,2.152078683810485,1
-1.6634351629573152,1.4430575177557894,0
2.5363998073334453,0.17927839843082993,1
-1.482563454092288,-1.5698110695309482,0
0.2910040026656029,-1.3053248733657001,1
0.9072155010918419,-1.036216043935966,1
-0.9808674734361057,1.8564945650798117,0
1.0428798979740146,2.0307926813409365,1
-1.1506804547107383,-1.3206712419127746,0
2.3305274999522814,0.5881068479863306,1
-0.06069282677699683,2.476460746753259,0
-1.3668546307058795,-1.5291387633459337,0
-1.197706336716391,-1.2319914405999333,0
0.8465860416056856,0.07485652217583194,1
-1.0480440041093597,1.7498041447188184,0
2.8762526600218883,0.02416899699314823,1
-1.9169034196646835,1.396846715574195,0
2.896184263556294,0.00362064984354471,1
1.4382934266200107,-1.7580672535322661,1
-1.1787991866682,-1.2564686277189558,0
1.8310867538193225,1.37450559773647,1
-0.006900931822710454,2.570889397345678,1
-1.2512091368761726,1.70153878385879,0
-1.801972744907007,1.371356427817368,0
-1.5538835526397377,1.4056995944912243,0
0.5220427163667923,0.5304476912659504,1
0.11530148939776419,-0.17735167519737072,1
1.6520766821426802,1.1458012598128717,1
-1.9451000000880716,1.1629733686424686,0
1.9936625934250216,1.0330063107688932,1
1.668388681769843,1.7214754600636082,1
-1.846902898117112,1.2804765500064996,0
-1.9044945322505276,1.2390264212722393,0
-2.0180264436879924,-1.8505822714033389,0
-0.9046585009997676,-1.0397399747091225,0
-1.0379819727753716,1.7154415870591797,0
-1.0670242949571802,-1.0376851379612906,0
0.3449268544553201,2.714417149571287,1
-1.0135486891566603,-1.0669871416392296,0
-2.0524081688012266,-1.916528252634481,0
3.044720666767988,-3.8705608921948,1
-0.5543398787095934,-0.673506644123147,0
-2.1228036130085353,1.1109114682176788,0
-0.4746782667834677,2.2255077540363195,0
-1.976480065605366,1.2942899439369664,0
-0.8600051931598124,1.9285797327106096,0
-1.9854929916446629,-1.956705463901723,0
-1.7182621198910357,1.2908804081955179,0
1.3654417997260473,2.017294326923555,1
0.6818741732714501,-0.9945667505400274,1
-2.5011318131410682,-2.2741997155416662,0
-2.0209260002562743,1.3558797918228491,0
2.515617721991549,-2.5988534450777956,1
1.3806164585363792,1.7803217597621466,1
2.417177265381148,0.8105498186203036,1
2.9542336466480963,0.17743914072411182,1
-1.461386549564373,1.4846741876199212,0
-3.6204984461246656,0.21618104068211297,0
-1.0800798172983883,-1.1225162930664183,0
4.2785597086202305,-5.387584279073824,1
1.7542398001947657,-1.2135752072552521,1
-2.367238686464083,0.9137865071011589,0
2.490221978650694,-2.184523857479828,1
1.6337772636905568,-2.1241633840618093,1
0.8467089518210171,1.9413422677696992,1
2.428054236366891,0.5072960012504047,1
0.3394157919034517,2.7048166198231955,0
-1.8522339328773578,1.2536248844362654,0
-0.8329922018682694,-0.9552177484494885,0
1.277710787553898,-0.8632681568975289,1
-2.3536612457838513,0.9440503957558831,0
0.05434462592703726,2.556712217165612,1
-0.6987706376794898,3.680737271747442,1
0.9719047817394264,-0.29278037495294407,1
1.1082202693182461,-1.266648333787244,1
0.6516210378260293,2.6189651560256975,1
-0.39636216070019925,0.9608310633794312,1
-1.8051204524482567,-1.7081028571062025,0
1.5014936639607266,1.7450840232700964,1
-1.5550395660941754,-1.5720544401679153,0
-0.9865947004872733,-1.050662753822004,0
2.2023693544670135,-2.747012170084793,1
-1.593845550612902,1.490224438291911,0
-2.0933059489305865,-2.0548441598567933,0
0.5516438584115342,2.755453145349538,0
2.0693267148561514,-1.8608556072993903,1
-2.755193859765075,-2.494438207252748,0
2.640666449157999,-2.7418293702253886,1
0.9589800887201609,-2.608367361225123,1
-2.808179353617553,0.858928456276529,0
-2.4609002674257665,0.8823693704151367,0
-1.7344299635360472,-1.6915933314535676,0
-0.03845665011145294,2.4356734804701285,0
1.66032183790059,1.2962853663323894,1
0.29927066106716316,1.4357785130482457,1
1.8177608263740428,1.8056709846629837,1
-0.9260093471031214,1.807184874972531,0
1.8323677578130573,-1.830506783113993,1
-2.43202978194911,-2.340828911738235,0
-1.1401034467307074,-1.2946011558763555,0
0.4308884803893307,2.707718397281658,1
1.6569934169764458,1.3996421285364906,1
-1.8266818566126464,1.1332429273080946,0
-0.530434514611128,-0.8679337155736436,0
3.31511182822828,-2.829573504445765,1
-0.9728723706338929,1.8632572549155348,0
0.9112687619517339,0.46648648184763597,0
1.5084549847708966,-1.5470097534361598,1
-1.0080166586263213,1.7969813675178894,0
0.9180468515623169,0.09204140018228002,1
-1.2152762260782155,1.6823236751325468,0
2.5658066874213885,-2.1668699389771358,1
0.6816590021184442,-1.0281991516351963,1
-0.6991570726593256,-0.9052122724958485,0
2.5662961532507516,0.870315093485604,1
-1.266560292663926,1.7859212807123308,0
1.9565704890688336,1.1863759236142057,1
-1.4123679252053067,2.4544192208055775,1
0.7582230406921007,2.227204008915946,1
-1.5513844722381638,-1.584925112581453,0
3.4428252505039847,-5.003451968861004,1
0.7082479795520471,2.8629877379264173,0
-2.651668948264283,-2.376871540505984,0
1.3820998117747487,1.54837358185399,1
0.7226733527534166,0.48299134459119375,1
-1.7901447086996742,-1.7660739370615004,0
-0.3682909111063746,-0.5629943544113435,0
-0.9206042058563622,-1.004253143782602,0
-0.4345752052821048,-0.6320360268063812,0
2.8628168519832067,-3.056813269464282,1
-2.1417574812548095,-1.93366610965891,0
-2.9196249674270747,-2.7067439413608896,0
-2.310132558606296,1.0323667327981796,0
-0.16739454404719312,-0.5817672700509898,0
2.098378656362553,-2.754138797287322,1
2.6609923122749444,1.066525747153989,1
-1.0236614825244215,-1.1077001311679413,0
-2.7087120605863175,-2.3964333903022403,0
-0.24532244101174538,-0.45004667270871646,0
2.8068578256662144,-1.7890820030863803,1
3.216986837894043,-3.3722071155822038,1
2.0017151146480603,0.9491894058596536,1
3.6146072536238343,-0.5239018056061089,1
-1.3910581404042963,1.7159825547835847,0
1.7175318459030922,0.9285354304878535,1
-3.2385945999255714,0.40612132609566487,0
1.012922761026765,1.871556172717239,1
-1.695154361085816,-1.7023245032055325,0
0.5574570868729377,2.5643228194031273,1
-2.410701570102904,1.0346391627683378,0
-1.276572836669262,1.6565330171768242,0
2.546836005286697,-2.0527649865473028,1
-0.15245404571334542,-0.3805883647761916,0
1.4161696547411848,-1.8849695226068248,1
1.5625142851678997,-1.9691968807721711,1
-2.0517430287634473,1.254541569983876,0
3.139409574157696,0.28047658393030517,1
1.5924874572497756,1.202567335452004,1
1.3211206644069247,-0.4720944152995312,1
0.13447024327742718,0.35728942653427676,1
-0.03259154135337461,2.5097933440675426,0
-2.2245362402368367,0.9416972652933695,0
-0.9372473610663629,-1.0832422494624456,0
-1.4005511629202532,1.48062815437684,0
-1.3591316505096063,-1.4541139913358612,0
-0.6279504242432257,-0.7131484213473485,0
-2.4744313899020076,-2.173618134590392,0
-2.9337911015544673,-2.7528260439161665,0
0.717900658678365,-0.1762350742059111,1
-1.4115036472473543,-1.4081665758912727,0
1.6965438097235512,-1.7212195609568415,1
-2.2892222791180368,1.1086182154319035,0
2.276176594664789,-2.481499111756403,1
0.8028015662738892,-0.9480788865300318,1
1.5839615110629974,1.6142237140199671,1
-2.088200624330073,-2.0190711048885093,0
-1.3772383561123245,-1.458303386043182,0
-1.455859425013255,-1.3501946487860612,0
-1.6009171479831956,-1.567410189089158,0
-0.8550290478260514,1.827525603700574,0
2.0163285554216195,0.7803035159819945,1
-0.9639825046109534,-1.026262955708862,0
-1.1479927120475701,3.8114486595457655,1
2.4338139647293113,1.0525259540153908,1
-3.1001350587343715,0.5672736516083439,0
-1.2467531995881151,1.6154484190652267,0
-1.53287910845658,-1.5052491682036926,0
-0.7044181724481703,1.987489259352937,0
0.9896194392556428,-0.48704561013445624,1
2.2611635490329003,-2.8256953612672007,1
-1.1334048186063799,-1.1310443191514494,0
0.5830483142708872,2.473917044843053,1
1.1587946987555704,-1.6364755061819192,1
1.7422021072000606,-1.0012531271284186,1
1.069916346193582,0.8203296208140864,1
0.7304976001911883,-0.22142011730290356,1
1.1268926254556384,-1.2049051971083946,1
2.9145415710263407,-2.8179007423830393,1
0.8534687753221849,1.8505622473959318,1
-0.03673808267987955,2.4440492312980133,0
2.221530507760632,0.865166837543056,1
0.47578262550510275,-1.1412259918930878,1
0.6690161883665501,2.166563374089344,1
0.6628364699515267,2.484971683730584,1
1.3827774139306888,1.1784414907709722,1
-2.6546705811392037,-2.3801410279356072,0
1.3837517889090463,-1.1967665183383676,1
-1.9550191190021384,1.2477484816706028,0
-1.6923179401966848,-1.6394766275838306,0
1.6261003300909171,1.2818151367881132,1
-0.3110477869418613,0.5166937226665875,1
-1.1190144073014223,-1.090646239032227,0
-1.5418615553096258,-1.5996037376285421,0
1.5842754030438575,1.8480418406876142,1
-0.14864921551872223,2.9315544363397397,1
-0.6770821949573733,-0.8890172659061767,0
0.12040956138874703,1.1177739143187293,1
3.501977019089527,-0.39956839547558554,1
2.030114955625195,1.148095864137162,1
1.67184504577847,-1.275241271677413,1
2.1760807206873474,-3.3309785529145906,1
2.0817102658842477,1.4318823179175009,1
-1.4980693674487002,1.4648038236165661,0
-1.9958930455293644,-1.836822429918415,0
-1.3941759556307192,-1.3624125635975608,0
-0.7815835070527359,2.037359150704392,0
-0.798358937475943,1.9918039689283986,0
1.4914553194158842,-1.585550881456659,1
2.0689606514384793,-1.7870294295821214,1
1.1954945017358165,1.8573407167599494,1
3.620861884149537,-0.6547400930405449,1
-3.8146989445291424,0.12534371286165302,0
-1.5616966263046517,1.3657095046534962,0
-1.3650890230832633,-1.281494251131334,0
-2.7523639673447198,-2.536312921946771,0
1.5242049754272091,-2.2971428603834974,1
1.5125228380273101,1.1875189100870087,1
1.3721628969795694,1.4803586487504066,1
-2.218955513026258,0.9000415736050472,0
1.5413271109587365,1.4659186579231704,1
-1.2547971160991285,1.7305968414787407,0
1.7720618031306674,-1.6870723705937813,1
2.0796836192726498,-3.359960301194109,1
-2.3704359987462684,0.9755864364250928,0
-1.817271082399306,1.2546558844500497,0
-1.4720832171333054,1.5822785522475564,0
-1.9303920907520797,1.3117122073089031,0
1.5290729695878487,-1.2201294150715492,1
2.575749827167897,-3.2943255990654827,1
2.3102136528705213,-2.6181281112778523,1
-2.0288583570138274,1.0555894766835874,0
0.3478070610501627,2.630696655516551,0
-1.9654419198997934,1.1644967911304536,0
3.3436781986291897,-2.827186381612445,1
0.1786095935428631,-0.1023336156698873,0
2.9808273422909535,-0.40574467773286305,1
1.3242266103631484,-1.890571283715193,1
0.7532719120827011,-0.4386711790528244,1
-0.31634177086975135,-0.7912664159385535,0
-2.0267730181179573,-1.8898216885108265,0
-3.5336879215390136,0.3491273122461176,0
3.0361057151407294,0.7586260921179262,1
0.33974867523489816,2.736830746739317,0
-1.6263878074076854,-1.6256986278841148,0
1.4215418036386123,1.7119333977655848,1
1.9440934311411497,1.1273418518381009,1
1.0497022611634685,2.3953981226474688,1
1.6145990255628728,1.7986287548760387,1
-1.504223758144488,1.4954943982321915,0
2.3706303723696758,0.667164735904055,1
-1.8041419952658424,1.323583456310127,0
-1.3296542335808879,1.5915730435169604,0
2.6388104280666775,-1.5636098024898526,1
0.4172589022936033,-0.8780018894746429,1
-1.9784013139306698,1.1976738362050525,0
0.009339607035989017,0.1455497989748331,1
-0.4512382051817292,2.1326655145569107,0
2.2122796907277094,0.941075590731089,1
-4.101670746184544,-3.548831491463274,0
